{
  "board_name": "BTY",
  "ivi": "ivi_6201XXXX-04.json",
  "cr_target":"xdma",
  "cs_target":"xdma",
  "ds_target":"xdma",
  "default_param": {
    "cmd_sent_base": 0,
    "cmd_recv_base": 31457280,
    "cmd_irq_base": 32505900,
    "cmd_sent_down_base": 32505904,
    "icd_path": "icd.json"
  },
  "mode_name": {
    "AWG": {
      "SEQ":"0x11040300"
    }
  },
  "en_cpx_chid": true,
  "cpx_chnl_fmt": "CH{chnl_idx}",
  "out_start_num": 0,
  "in_start_num": 0,
  "mode_functions": ["AWG"],
  "nsqc": "@nw.kernel\ndef program(wlist: dict[str, np.ndarray]):\n    seg1: nw.ArbWave = nw.init_arbwave(wlist, 'seg1')\n    while True:\n        nw.wait_for_trigger()  # 等待触发\n        nw.play_arb(seg1)  # 播放片段1\n    return nw.Kernel()",
  "ad_channels": [
  ],
  "da_channels": [
    {"chnl_id": 0, "biasing": 0},
    {"chnl_id": 1, "biasing": 0},
    {"chnl_id": 2, "biasing": 0},
    {"chnl_id": 3, "biasing": 0}
  ]
}