{
    "param": {
        "发送指令包头":      ["uint32", "0x5F5F5F5F"],
        "脱机工作":          ["uint32",1],
        "系统参考时钟选择":   ["uint32", 0],
        "参考时钟频率": ["double", 100],
        "ADC采样率":        ["double", 4000],
        "ADC抽取倍数":      ["uint32", 1],
        "ADCNCO频率":      ["double", 0],
        "ADC奈奎斯特区":    ["uint32", 1],
        "ADCPLL使能":  ["uint32", 1],
        "ADCPLL参考时钟频率": ["double", 100],
        "DAC采样率":        ["double", 4000],
        "DAC抽取倍数":      ["uint32", 1],
        "DACNCOFrequency":      ["double", 0],
        "DACNCO频率":      ["double", 0],
        "DAC奈奎斯特区":    ["uint32", 1],
        "DACPLL使能":  ["uint32", 1],
        "DACPLL参考时钟频率": ["double", 100],
        "ADC0增益": ["double", 0],
        "ADC1增益": ["double", 0],
        "ADC2增益": ["double", 0],
        "ADC3增益": ["double", 0],
        "ADC4增益": ["double", 0],
        "ADC5增益": ["double", 0],
        "ADC6增益": ["double", 0],
        "ADC7增益": ["double", 0],
        "DAC0衰减": ["double", 0],
        "DAC1衰减": ["double", 0],
        "DAC2衰减": ["double", 0],
        "DAC3衰减": ["double", 0],
        "DAC4衰减": ["double", 0],
        "DAC5衰减": ["double", 0],
        "DAC6衰减": ["double", 0],
        "DAC7衰减": ["double", 0],
        "DDS_RAM":         ["uint32", 0],
        "DDS采样率":        ["double", 10000],
        "dds0中心频率":      ["double", 100],
        "dds0频率扫描步进":   ["double", 1],
        "dds0频率扫描范围":   ["double", 0],
        "dds0带宽":         ["double", 0],
        "dds0脉宽":         ["double", 8],
        "dds0初始相位":     ["double", 0],
        "dds1中心频率":      ["double", 200],
        "dds1频率扫描步进":   ["double", 1],
        "dds1频率扫描范围":   ["double", 0],
        "dds1带宽":         ["double", 0],
        "dds1脉宽":         ["double", 8],
        "dds1初始相位": ["double", 0],
        "dds2中心频率":      ["double", 300],
        "dds2频率扫描步进":   ["double", 1],
        "dds2频率扫描范围":   ["double", 0],
        "dds2带宽":         ["double", 0],
        "dds2脉宽":         ["double", 8],
        "dds2初始相位": ["double", 0],
        "dds3中心频率":      ["double", 400],
        "dds3频率扫描步进":   ["double", 1],
        "dds3频率扫描范围":   ["double", 0],
        "dds3带宽":         ["double", 0],
        "dds3脉宽":         ["double", 8],
        "dds3初始相位": ["double", 0],
        "dds4中心频率":      ["double", 500],
        "dds4频率扫描步进":   ["double", 1],
        "dds4频率扫描范围":   ["double", 0],
        "dds4带宽":         ["double", 0],
        "dds4脉宽":         ["double", 8],
        "dds4初始相位": ["double", 0],
        "dds5中心频率":      ["double", 600],
        "dds5频率扫描步进":   ["double", 1],
        "dds5频率扫描范围":   ["double", 0],
        "dds5带宽":         ["double", 0],
        "dds5脉宽":         ["double", 8],
        "dds5初始相位": ["double", 0],
        "dds6中心频率":      ["double", 700],
        "dds6频率扫描步进":   ["double", 1],
        "dds6频率扫描范围":   ["double", 0],
        "dds6带宽":         ["double", 0],
        "dds6脉宽":         ["double", 8],
        "dds6初始相位": ["double", 0],
        "dds7中心频率":      ["double", 800],
        "dds7频率扫描步进":   ["double", 1],
        "dds7频率扫描范围":   ["double", 0],
        "dds7带宽":         ["double", 0],
        "dds7脉宽":         ["double", 8],
        "dds7初始相位": ["double", 0],
        "基准PRF来源":       ["uint32", 0],
        "基准PRF周期":       ["uint32", 100000],
        "基准PRF数量":       ["uint32", "0xFFFFFFFF"],
        "DAC0播放数据来源":   ["uint32", 0],
        "DAC0RAM播放时宽":   ["uint32", 8],
        "DAC0播放波门延迟":   ["uint32", 2],
        "ADC0采样延迟":      ["uint32", 2],
        "ADC0采样点数":      ["uint32", 32],
        "DAC1播放数据来源":   ["uint32", 0],
        "DAC1RAM播放时宽":   ["uint32", 8],
        "DAC1播放波门延迟":   ["uint32", 2],
        "ADC1采样延迟":      ["uint32", 2],
        "ADC1采样点数":      ["uint32", 32],
        "DAC2播放数据来源": ["uint32", 0],
        "DAC2RAM播放时宽": ["uint32", 8],
        "DAC2播放波门延迟": ["uint32", 2],
        "ADC2采样延迟": ["uint32", 2],
        "ADC2采样点数": ["uint32", 32],
        "DAC3播放数据来源": ["uint32", 0],
        "DAC3RAM播放时宽": ["uint32", 8],
        "DAC3播放波门延迟": ["uint32", 2],
        "ADC3采样延迟": ["uint32", 2],
        "ADC3采样点数": ["uint32", 32],
        "DAC4播放数据来源": ["uint32", 0],
        "DAC4RAM播放时宽": ["uint32", 8],
        "DAC4播放波门延迟": ["uint32", 2],
        "ADC4采样延迟": ["uint32", 2],
        "ADC4采样点数": ["uint32", 32],
        "DAC5播放数据来源": ["uint32", 0],
        "DAC5RAM播放时宽": ["uint32", 8],
        "DAC5播放波门延迟": ["uint32", 2],
        "ADC5采样延迟": ["uint32", 2],
        "ADC5采样点数": ["uint32", 32],
        "DAC6播放数据来源": ["uint32", 0],
        "DAC6RAM播放时宽": ["uint32", 8],
        "DAC6播放波门延迟": ["uint32", 2],
        "ADC6采样延迟": ["uint32", 2],
        "ADC6采样点数": ["uint32", 32],
        "DAC7播放数据来源": ["uint32", 0],
        "DAC7RAM播放时宽": ["uint32", 8],
        "DAC7播放波门延迟": ["uint32", 2],
        "ADC7采样延迟": ["uint32", 2],
        "ADC7采样点数": ["uint32", 32],
        "ADC数据截取使能": ["uint32", 0],
        "ADC打包数据类型": ["uint32", 0],
        "ADC逻辑抽取倍数": ["uint32", 1],
        "ADC数据输出方式": ["uint32", 0],
        "RCM槽位号":       ["uint32", 8],
        "射频参数更新":    ["uint32", "0x00000001"],
        "全局复位":        ["uint8", "0b00000000"],
        "通道掩码":        ["uint8", "0b00000000"],
        "模式码":          ["uint8", "0x08"],
        "发送衰减":        ["uint8", 0, "min(max(0, (63-(40-2*x))), 63)"],
        "接收衰减_1":      ["uint8", 0, "min(max(0, (63-(40-x))), 63)"],
        "接收衰减_2":      ["uint8", 0, "min(max(0, (63-(40-x))), 63)"],
        "外时钟选择":      ["uint8", "0b00000000"],
        "晶振使能":        ["uint8", "0b00000001"],
        "K5控制":          ["uint8", "0x05"],
        "高4路电源使能":   ["uint8", "0b00000001"],
        "低4路电源使能":   ["uint8", "0b00000001"],
        "播放数据长度":    ["uint32", "0x00000000"],
        "播放延时T2":      ["uint32", "0x00000000"],
        "DDS中心频率":     ["uint32", "0x00000000"],
        "DDS带宽":         ["uint32", "0x00000000"],
        "DDS时宽":         ["uint32", "0x00000000"],
        "DDS初始相位":     ["uint32", "0x00000000"],
        "DAC衰减调整":     ["uint32", "0x00000000"],
        "DAC奈奎斯特区":   ["uint32", "0x00000001"],
        "采集起始时刻T2":  ["uint32", "0x00000000"],
        "ADC增益调整":     ["uint32", "0x00000000"],
        "ADC奈奎斯特区":   ["uint32", "0x00000001"],
        "NCO中心频率":     ["uint32", "0x00000000"],
        "DAC0延迟": ["uint32", 1],
        "DAC2延迟": ["uint32", 1],
        "ADC0延迟": ["uint32", 1],
        "ADC1延迟": ["uint32", 1],
        "ADC2延迟": ["uint32", 1],
        "ADC3延迟": ["uint32", 1],
        "总触发点数": ["uint32", 32],
        "预触发点数": ["uint32", 1000],
        "CH0触发使能": ["uint32", 1],
        "CH1触发使能": ["uint32", 1],
        "CH2触发使能": ["uint32", 1],
        "CH3触发使能": ["uint32", 1],
        "CH4触发使能": ["uint32", 1],
        "CH5触发使能": ["uint32", 1],
        "CH6触发使能": ["uint32", 1],
        "CH7触发使能": ["uint32", 1],
        "CH0触发电平": ["uint32", 4096],
        "CH1触发电平": ["uint32", 4096],
        "CH2触发电平": ["uint32", 4096],
        "CH3触发电平": ["uint32", 4096],
        "CH4触发电平": ["uint32", 4096],
        "CH5触发电平": ["uint32", 4096],
        "CH6触发电平": ["uint32", 4096],
        "CH7触发电平": ["uint32", 4096],
        "通道0文件路径": ["file", ""],
        "通道1文件路径": ["file", ""],
        "通道2文件路径": ["file", ""],
        "通道3文件路径": ["file", ""],
        "通道4文件路径": ["file", ""],
        "通道5文件路径": ["file", ""],
        "通道6文件路径": ["file", ""],
        "通道7文件路径": ["file", ""],
        "接收指令包头":  ["uint32", "0xCFCFCFCF"],
        "固件路径": ["file", ""],
        "固件更新结果": ["uint32", 0],
        "固件路径multiboot": ["file", ""],
        "固件版本标识multiboot": ["uint32", "0x18EFDC00"],
        "固件更新结果multiboot": ["uint32", 1],
        "固件切换版本号multiboot": ["uint32", "0x18EFDC00"],
        "固件切换结果multiboot": ["uint32", 1],
        "DDS配置结果": ["uint32", 0],
        "波形装载结果": ["uint32", 0],
        "RF配置结果": ["uint32", 1],
        "QMC配置结果": ["uint32", 0],
        "奈奎斯特区配置结果": ["uint32", 0],
        "NCO频率配置结果": ["uint32", 0],
        "系统停止结果": ["uint32", 0],
        "系统开启结果": ["uint32", 0],
        "工作参数配置结果": ["uint32", 0],
        "时钟校准结果": ["uint32", 0],
        "电平触发参数配置结果": ["uint32", 0],

        "FIR_coefficientReloadOperateType": ["uint32", 2],
        "FIR_coefficientReloadChnlType": ["uint32", 0],
        "FIR_coefficientReloadChnl": ["uint32", 0],
        "FIR_coefficientReloadFilePath": ["file", ""],
        "FIR_coefficientReloadConfigResult": ["uint32", 1],

        "FIR_BypassEnChnlType": ["uint32", 0],
        "FIR_BypassEnChnl": ["uint32", 0],
        "FIR_Bypass": ["uint32", 0],
        "FIR_BypassEnResult": ["uint32", 1],

        "LSDADC_OffsetChnlType": ["uint32", 0],
        "LSDADC_OffsetSRate": ["uint32", 0],
        "LSDADC_OffsetOutputGear": ["uint32", 0],
        "LSDADC_OffsetVoltage": ["uint32", 0],
        "LSDADC_OffsetOperateType": ["uint32", 0],
        "LSDADC_OffsetParam0": ["uint32", 0],
        "LSDADC_OffsetParam1": ["uint32", 0],
        "LSDADC_OffsetParam2": ["uint32", 0],
        "LSDADC_OffsetParam3": ["uint32", 0],
        "LSDADC_OffsetParam4": ["uint32", 0],
        "LSDADC_OffsetParam5": ["uint32", 0],
        "LSDADC_OffsetParam6": ["uint32", 0],
        "LSDADC_OffsetParam7": ["uint32", 0],
        "LSDADC_OffsetParamConfigResult": ["uint32", 1],

        "ADC_CalCoeNyquistZone": ["uint32", 0],
        "ADC_CalCoeOperateType": ["uint32", 0],
        "ADC_CalCoeConfigResult": ["uint32", 1],

        "triggerSource": ["uint32", 1],
        "triggerOutput": ["uint32", 0],
        "triggerConfigResult" : ["uint32", 1],

        "triggerPulseWidth": ["uint32", 320000],
        "triggerRepeatSize": ["uint32", 4294967295],
        "triggerPeriod" : ["uint32", 40000000],
        "triggerDelay": ["uint32", 0],
        "triggerEdgeType": ["uint32", 0],
        "triggerHoldOffTime" : ["uint32", 0],
        "triggerEdgeSet0" : ["int32", 0],
        "triggerEdgeSet1": ["int32", 0],
        "triggerEdgeSet2": ["int32", 0],
        "triggerEdgeSet3" : ["int32", 0],
        "triggerEdgeSet4": ["int32", 0],
        "triggerEdgeSet5": ["int32", 0],
        "triggerEdgeSet6" : ["int32", 0],
        "triggerEdgeSet7": ["int32", 0],
        "internalTriggerConfigResult" : ["int32", 1],

        "sampleEnable0": ["uint8", 1],
        "sampleStrageDepth0": ["uint32", 65536],
        "sampleLenPre0": ["uint32", 32768],
        "sampleTimes0": ["uint32", 4294967295],
        "sampleLogicalExtractionMultiple0": ["uint32", 1],
        "sampleCollectDataTruncation0": ["uint32", 0],
        "sampleCollectDataType0": ["uint32", 0],
        "sampleEnable1": ["uint8", 1],
        "sampleStrageDepth1": ["uint32", 65536],
        "sampleLenPre1": ["uint32", 32768],
        "sampleTimes1": ["uint32", 4294967295],
        "sampleLogicalExtractionMultiple1": ["uint32", 1],
        "sampleCollectDataTruncation1": ["uint32", 0],
        "sampleCollectDataType1": ["uint32", 0],
        "sampleEnable2": ["uint8", 1],
        "sampleStrageDepth2": ["uint32", 65536],
        "sampleLenPre2": ["uint32", 32768],
        "sampleTimes2": ["uint32", 4294967295],
        "sampleLogicalExtractionMultiple2": ["uint32", 1],
        "sampleCollectDataTruncation2": ["uint32", 0],
        "sampleCollectDataType2": ["uint32", 0],
        "sampleEnable3": ["uint8", 1],
        "sampleStrageDepth3": ["uint32", 65536],
        "sampleLenPre3": ["uint32", 32768],
        "sampleTimes3": ["uint32", 4294967295],
        "sampleLogicalExtractionMultiple3": ["uint32", 1],
        "sampleCollectDataTruncation3": ["uint32", 0],
        "sampleCollectDataType3": ["uint32", 0],
        "sampleEnable4": ["uint8", 1],
        "sampleStrageDepth4": ["uint32", 65536],
        "sampleLenPre4": ["uint32", 32768],
        "sampleTimes4": ["uint32", 4294967295],
        "sampleLogicalExtractionMultiple4": ["uint32", 1],
        "sampleCollectDataTruncation4": ["uint32", 0],
        "sampleCollectDataType4": ["uint32", 0],
        "sampleEnable5": ["uint8", 1],
        "sampleStrageDepth5": ["uint32", 65536],
        "sampleLenPre5": ["uint32", 32768],
        "sampleTimes5": ["uint32", 4294967295],
        "sampleLogicalExtractionMultiple5": ["uint32", 1],
        "sampleCollectDataTruncation5": ["uint32", 0],
        "sampleCollectDataType5": ["uint32", 0],
        "sampleEnable6": ["uint8", 1],
        "sampleStrageDepth6": ["uint32", 65536],
        "sampleLenPre6": ["uint32", 32768],
        "sampleTimes6": ["uint32", 4294967295],
        "sampleLogicalExtractionMultiple6": ["uint32", 1],
        "sampleCollectDataTruncation6": ["uint32", 0],
        "sampleCollectDataType6": ["uint32", 0],
        "sampleEnable7": ["uint8", 1],
        "sampleStrageDepth7": ["uint32", 65536],
        "sampleLenPre7": ["uint32", 32768],
        "sampleTimes7": ["uint32", 4294967295],
        "sampleLogicalExtractionMultiple7": ["uint32", 1],
        "sampleCollectDataTruncation7": ["uint32", 0],
        "sampleCollectDataType7": ["uint32", 0],
        "sampleConfigResult": ["uint32", 1],

        "sampleStatus": ["uint32", 0],
        "sampleStatusConfigResult" : ["uint32", 1],

        "ADC_NYQZone0": ["uint8", 1],
        "ADC_NYQZone1": ["uint8", 1],
        "ADC_NYQZone2": ["uint8", 1],
        "ADC_NYQZone3": ["uint8", 1],
        "ADC_NYQZone4": ["uint8", 1],
        "ADC_NYQZone5": ["uint8", 1],
        "ADC_NYQZone6": ["uint8", 1],
        "ADC_NYQZone7": ["uint8", 1],
        "ADC_NYQZoneResult": ["uint32", 1],

        "ADC_DDCEnable": ["uint32", 0],
        "ADC_NCOFrequency0": ["double", 0],
        "ADC_NCOInitialPhase0": ["double", 0],
        "ADC_NCOFrequency1": ["double", 0],
        "ADC_NCOInitialPhase1": ["double", 0],
        "ADC_NCOFrequency2": ["double", 0],
        "ADC_NCOInitialPhase2": ["double", 0],
        "ADC_NCOFrequency3": ["double", 0],
        "ADC_NCOInitialPhase3": ["double", 0],
        "ADC_NCOFrequency4": ["double", 0],
        "ADC_NCOInitialPhase4": ["double", 0],
        "ADC_NCOFrequency5": ["double", 0],
        "ADC_NCOInitialPhase5": ["double", 0],
        "ADC_NCOFrequency6": ["double", 0],
        "ADC_NCOInitialPhase6": ["double", 0],
        "ADC_NCOFrequency7": ["double", 0],
        "ADC_NCOInitialPhase7": ["double", 0],
        "ADC_DDSConfigResult": ["uint32", 1],

        "ADC_channelDelay0": ["uint32", 0],
        "ADC_channelDelay1": ["uint32", 0],
        "ADC_channelDelay2": ["uint32", 0],
        "ADC_channelDelay3": ["uint32", 0],
        "ADC_channelDelay4": ["uint32", 0],
        "ADC_channelDelay5": ["uint32", 0],
        "ADC_channelDelay6": ["uint32", 0],
        "ADC_channelDelay7": ["uint32", 0],
        "ADC_channelDelayResult": ["uint32", 1],

        "ADC_functionCapabilities": ["uint32", 2],
        "ADC_functionCapabilitiesResult": ["uint32", 1],

        "DAC_NYQZone0": ["uint8", 1],
        "DAC_NYQZone1": ["uint8", 1],
        "DAC_NYQZone2": ["uint8", 1],
        "DAC_NYQZone3": ["uint8", 1],
        "DAC_NYQZone4": ["uint8", 1],
        "DAC_NYQZone5": ["uint8", 1],
        "DAC_NYQZone6": ["uint8", 1],
        "DAC_NYQZone7": ["uint8", 1],
        "DAC_NYQZoneResult": ["uint32", 1],

        "DAC_antiSincEnable0": ["uint32", 0],
        "DAC_antiSincEnable1": ["uint32", 0],
        "DAC_antiSincEnable2": ["uint32", 0],
        "DAC_antiSincEnable3": ["uint32", 0],
        "DAC_antiSincEnable4": ["uint32", 0],
        "DAC_antiSincEnable5": ["uint32", 0],
        "DAC_antiSincEnable6": ["uint32", 0],
        "DAC_antiSincEnable7": ["uint32", 0],
        "DAC_antiSincEnableResult": ["uint32", 1],

        "DAC_functionCapabilities": ["uint32", 2],
        "DAC_functionCapabilitiesResult": ["uint32", 1],

        "DAC_systemStatus": ["uint32", 0],
        "DAC_systemStatusEnable": ["uint32", "0b11111111"],
        "DAC_systemStatusConfigResult": ["uint32", 1],

        "DAC_triggerSource": ["uint32", 1],
        "DAC_triggerOutput": ["uint32", 1],
        "DAC_triggerConfigResult": ["uint32", 1],

        "DAC_triggerPulseWidth": ["uint32", 320000],
        "DAC_triggerRepeatSize": ["uint32", 4294967295],
        "DAC_triggerPeriod": ["uint32", 40000000],
        "DAC_triggerDelay": ["uint32", 0],
        "DAC_internalTriggerConfigResult": ["uint32", 1],

        "DAC_burstCount": ["uint32", 4294967295],
        "DAC_repetitiveWorkInterval": ["uint32", 0],
        "DAC_operationModeConfigResult": ["uint32", 1],

        "DAC_DUCEnable": ["uint32", 0],
        "DAC_NCOFrequency0": ["double", 0],
        "DAC_NCOInitialPhase0": ["double", 0],
        "DAC_NCOFrequency1": ["double", 0],
        "DAC_NCOInitialPhase1": ["double", 0],
        "DAC_NCOFrequency2": ["double", 0],
        "DAC_NCOInitialPhase2": ["double", 0],
        "DAC_NCOFrequency3": ["double", 0],
        "DAC_NCOInitialPhase3": ["double", 0],
        "DAC_NCOFrequency4": ["double", 0],
        "DAC_NCOInitialPhase4": ["double", 0],
        "DAC_NCOFrequency5": ["double", 0],
        "DAC_NCOInitialPhase5": ["double", 0],
        "DAC_NCOFrequency6": ["double", 0],
        "DAC_NCOInitialPhase6": ["double", 0],
        "DAC_NCOFrequency7": ["double", 0],
        "DAC_NCOInitialPhase7": ["double", 0],
        "DAC_DUCConfigResult": ["uint32", 1],

        "SAT_internalTriggerResetResult": ["uint32", 1],
        "SAT_syncStatusConfigResult": ["uint32", 1],
        "SAT_syncCmd2ConfigResult": ["uint32", 1],
        "SAT_syncCmd3ConfigResult": ["uint32", 1],
        "SAT_syncCmd4ConfigResult": ["uint32", 1],
        "SAT_syncCmd5ConfigResult": ["uint32", 1],
        "SAT_syncCmd6ConfigResult": ["uint32", 1],
        "SAT_syncCmd7ConfigResult": ["uint32", 1],

        "SAT_refClockSource": ["uint32", 0],
        "SAT_refClockConfigResult": ["uint32", 1],

        "SAT_triggerSource": ["uint32", 0],
        "SAT_triggerPeriod": ["uint32", 40000000],
        "SAT_triggerRepeatSize": ["uint32", 4294967295],
        "SAT_triggerPulseWidth": ["uint32", 320000],
        "SAT_triggerDelay": ["uint32", 0],
        "SAT_internalTriggerConfigResult": ["uint32", 1],

        "SAT_testTriggerOutputSource": ["uint32", 0],
        "SAT_testTriggerOutputSourceConfigResult": ["uint32", 1],

        "SAT_testTriggerSourcePPXIStar": ["uint32", 0],
        "SAT_testTriggerSourcePPXIStarConfigResult": ["uint32", 1],

        "SAT_testTriggerSourcePXITrig": ["uint32", 0],
        "SAT_testTriggerSourcePXITrigConfigResult": ["uint32", 1],

        "SAT_testClockSource10MHz": ["uint32", 0],
        "SAT_testClockSource10MHzConfigResult": ["uint32", 1],
        "SAT_testClockSource100MHz": ["uint32", 0],
        "SAT_testClockSource100MHzConfigResult": ["uint32", 1],

        "LSDADC_getOffsetParamChnlType": ["uint32", 0],
        "LSDADC_getOffsetSRate": ["uint32", 0],
        "LSDADC_getOffsetOutputGear": ["uint32", 0],
        "LSDADC_getOffsetVoltage": ["uint32", 0],
        "LSDADC_getOffsetParamOperateType": ["uint32", 0],
        "LSDADC_getOffsetParamResult": ["uint32", 1],
        "LSDADC_getOffsetParam0": ["uint32", 0],
        "LSDADC_getOffsetParam1": ["uint32", 0],
        "LSDADC_getOffsetParam2": ["uint32", 0],
        "LSDADC_getOffsetParam3": ["uint32", 0],
        "LSDADC_getOffsetParam4": ["uint32", 0],
        "LSDADC_getOffsetParam5": ["uint32", 0],
        "LSDADC_getOffsetParam6": ["uint32", 0],
        "LSDADC_getOffsetParam7": ["uint32", 0],
        "FIR_getCoefficientReloadOperateType": ["uint32", 0],
        "FIR_getCoefficientReloadChnlType": ["uint32", 0],
        "FIR_getCoefficientReloadChnl": ["uint32", 0],
        "FIR_getCoefficientReloadConfigResult": ["uint32", 1],
        "FIR_getCoefficient0": ["int32", 0],
        "FIR_getCoefficient1": ["int32", 0],
        "FIR_getCoefficient2": ["int32", 0],
        "FIR_getCoefficient3": ["int32", 0],
        "FIR_getCoefficient4": ["int32", 0],
        "FIR_getCoefficient5": ["int32", 0],
        "FIR_getCoefficient6": ["int32", 0],
        "FIR_getCoefficient7": ["int32", 0],
        "FIR_getCoefficient8": ["int32", 0],
        "FIR_getCoefficient9": ["int32", 0],
        "FIR_getCoefficient10": ["int32", 0],
        "FIR_getCoefficient11": ["int32", 0],
        "FIR_getCoefficient12": ["int32", 0],
        "FIR_getCoefficient13": ["int32", 0],
        "FIR_getCoefficient14": ["int32", 0],
        "FIR_getCoefficient15": ["int32", 0],
        "FIR_getCoefficient16": ["int32", 0],
        "FIR_getCoefficient17": ["int32", 0],
        "FIR_getCoefficient18": ["int32", 0],
        "FIR_getCoefficient19": ["int32", 0],
        "FIR_getCoefficient20": ["int32", 0],
        "FIR_getCoefficient21": ["int32", 0],
        "FIR_getCoefficient22": ["int32", 0],
        "FIR_getCoefficient23": ["int32", 0],
        "FIR_getCoefficient24": ["int32", 0],
        "FIR_getCoefficient25": ["int32", 0],
        "FIR_getBypassEnChnlType": ["uint32", 0],
        "FIR_getBypass": ["uint32", 0],
        "FIR_getBypassEnResult": ["uint32", 1],
        "ADC_getCalCoeNyquistZone": ["uint32", 0],
        "ADC_getCalCoeOperateType": ["uint32", 0],
        "ADC_getCalCoeResult": ["uint32", 1],
        "ADC_getCalCoe0": ["uint32", 0],
        "ADC_getCalCoe1": ["uint32", 0],
        "ADC_getCalCoe2": ["uint32", 0],
        "ADC_getCalCoe3": ["uint32", 0],
        "ADC_getCalCoe4": ["uint32", 0],
        "ADC_getCalCoe5": ["uint32", 0],
        "ADC_getCalCoe6": ["uint32", 0],
        "ADC_getCalCoe7": ["uint32", 0],
        "ADC_getCalCoe8": ["uint32", 0],
        "ADC_getCalCoe9": ["uint32", 0],
        "ADC_getCalCoe10": ["uint32", 0],
        "ADC_getCalCoe11": ["uint32", 0],
        "ADC_getCalCoe12": ["uint32", 0],
        "ADC_getCalCoe13": ["uint32", 0],
        "ADC_getCalCoe14": ["uint32", 0],
        "ADC_getCalCoe15": ["uint32", 0],
        "ADC_getCalCoe16": ["uint32", 0],
        "ADC_getCalCoe17": ["uint32", 0],
        "ADC_getCalCoe18": ["uint32", 0],
        "ADC_getCalCoe19": ["uint32", 0],
        "ADC_getCalCoe20": ["uint32", 0],
        "ADC_getCalCoe21": ["uint32", 0],
        "ADC_getCalCoe22": ["uint32", 0],
        "ADC_getCalCoe23": ["uint32", 0],
        "ADC_getCalCoe24": ["uint32", 0],
        "ADC_getCalCoe25": ["uint32", 0],
        "ADC_getCalCoe26": ["uint32", 0],
        "ADC_getCalCoe27": ["uint32", 0],
        "ADC_getCalCoe28": ["uint32", 0],
        "ADC_getCalCoe29": ["uint32", 0],
        "ADC_getCalCoe30": ["uint32", 0],
        "ADC_getCalCoe31": ["uint32", 0],
        "ADC_getCalCoe32": ["uint32", 0],
        "ADC_getCalCoe33": ["uint32", 0],
        "ADC_getCalCoe34": ["uint32", 0],
        "ADC_getCalCoe35": ["uint32", 0],
        "ADC_getCalCoe36": ["uint32", 0],
        "ADC_getCalCoe37": ["uint32", 0],
        "ADC_getCalCoe38": ["uint32", 0],
        "ADC_getCalCoe39": ["uint32", 0],
        "ADC_getCalCoe40": ["uint32", 0],
        "ADC_getCalCoe41": ["uint32", 0],
        "ADC_getCalCoe42": ["uint32", 0],
        "ADC_getCalCoe43": ["uint32", 0],
        "ADC_getCalCoe44": ["uint32", 0],
        "ADC_getCalCoe45": ["uint32", 0],
        "ADC_getCalCoe46": ["uint32", 0],
        "ADC_getCalCoe47": ["uint32", 0],
        "ADC_getCalCoe48": ["uint32", 0],
        "ADC_getCalCoe49": ["uint32", 0],
        "ADC_getCalCoe50": ["uint32", 0],
        "ADC_getCalCoe51": ["uint32", 0],
        "ADC_getCalCoe52": ["uint32", 0],
        "ADC_getCalCoe53": ["uint32", 0],
        "ADC_getCalCoe54": ["uint32", 0],
        "ADC_getCalCoe55": ["uint32", 0],
        "ADC_getCalCoe56": ["uint32", 0],
        "ADC_getCalCoe57": ["uint32", 0],
        "ADC_getCalCoe58": ["uint32", 0],
        "ADC_getCalCoe59": ["uint32", 0],
        "ADC_getCalCoe60": ["uint32", 0],
        "ADC_getCalCoe61": ["uint32", 0],
        "ADC_getCalCoe62": ["uint32", 0],
        "ADC_getCalCoe63": ["uint32", 0],
        "ADC_getCalCoe64": ["uint32", 0],
        "ADC_getCalCoe65": ["uint32", 0],
        "ADC_getCalCoe66": ["uint32", 0],
        "ADC_getCalCoe67": ["uint32", 0],
        "ADC_getCalCoe68": ["uint32", 0],
        "ADC_getCalCoe69": ["uint32", 0],
        "ADC_getCalCoe70": ["uint32", 0],
        "ADC_getCalCoe71": ["uint32", 0],
        "ADC_getCalCoe72": ["uint32", 0],
        "ADC_getCalCoe73": ["uint32", 0],
        "ADC_getCalCoe74": ["uint32", 0],
        "ADC_getCalCoe75": ["uint32", 0],
        "ADC_getCalCoe76": ["uint32", 0],
        "ADC_getCalCoe77": ["uint32", 0],
        "ADC_getCalCoe78": ["uint32", 0],
        "ADC_getCalCoe79": ["uint32", 0],
        "ADC_getCalCoe80": ["uint32", 0],
        "ADC_getCalCoe81": ["uint32", 0],
        "ADC_getCalCoe82": ["uint32", 0],
        "ADC_getCalCoe83": ["uint32", 0],
        "ADC_getCalCoe84": ["uint32", 0],
        "ADC_getCalCoe85": ["uint32", 0],
        "ADC_getCalCoe86": ["uint32", 0],
        "ADC_getCalCoe87": ["uint32", 0],
        "ADC_getCalCoe88": ["uint32", 0],
        "ADC_getCalCoe89": ["uint32", 0],
        "ADC_getCalCoe90": ["uint32", 0],
        "ADC_getCalCoe91": ["uint32", 0],
        "ADC_getCalCoe92": ["uint32", 0],
        "ADC_getCalCoe93": ["uint32", 0],
        "ADC_getCalCoe94": ["uint32", 0],
        "ADC_getCalCoe95": ["uint32", 0],
        "ADC_getCalCoe96": ["uint32", 0],
        "ADC_getCalCoe97": ["uint32", 0],
        "ADC_getCalCoe98": ["uint32", 0],
        "ADC_getCalCoe99": ["uint32", 0],
        "ADC_getCalCoe100": ["uint32", 0],
        "ADC_getCalCoe101": ["uint32", 0],
        "ADC_getCalCoe102": ["uint32", 0],
        "ADC_getCalCoe103": ["uint32", 0],
        "ADC_getCalCoe104": ["uint32", 0],
        "ADC_getCalCoe105": ["uint32", 0],
        "ADC_getCalCoe106": ["uint32", 0],
        "ADC_getCalCoe107": ["uint32", 0],
        "ADC_getCalCoe108": ["uint32", 0],
        "ADC_getCalCoe109": ["uint32", 0],
        "ADC_getCalCoe110": ["uint32", 0],
        "ADC_getCalCoe111": ["uint32", 0],
        "ADC_getCalCoe112": ["uint32", 0],
        "ADC_getCalCoe113": ["uint32", 0],
        "ADC_getCalCoe114": ["uint32", 0],
        "ADC_getCalCoe115": ["uint32", 0],
        "ADC_getCalCoe116": ["uint32", 0],
        "ADC_getCalCoe117": ["uint32", 0],
        "ADC_getCalCoe118": ["uint32", 0],
        "ADC_getCalCoe119": ["uint32", 0],
        "ADC_getCalCoe120": ["uint32", 0],
        "ADC_getCalCoe121": ["uint32", 0],
        "ADC_getCalCoe122": ["uint32", 0],
        "ADC_getCalCoe123": ["uint32", 0],
        "ADC_getCalCoe124": ["uint32", 0],
        "ADC_getCalCoe125": ["uint32", 0],
        "ADC_getCalCoe126": ["uint32", 0],
        "ADC_getCalCoe127": ["uint32", 0],
        "ADC_getCalCoe128": ["uint32", 0],
        "ADC_getCalCoe129": ["uint32", 0],
        "ADC_getCalCoe130": ["uint32", 0],
        "ADC_getCalCoe131": ["uint32", 0],
        "ADC_getCalCoe132": ["uint32", 0],
        "ADC_getCalCoe133": ["uint32", 0],
        "ADC_getCalCoe134": ["uint32", 0],
        "ADC_getCalCoe135": ["uint32", 0],
        "ADC_getCalCoe136": ["uint32", 0],
        "ADC_getCalCoe137": ["uint32", 0],
        "ADC_getCalCoe138": ["uint32", 0],
        "ADC_getCalCoe139": ["uint32", 0],
        "ADC_getCalCoe140": ["uint32", 0],
        "ADC_getCalCoe141": ["uint32", 0],
        "ADC_getCalCoe142": ["uint32", 0],
        "ADC_getCalCoe143": ["uint32", 0],
        "ADC_getCalCoe144": ["uint32", 0],
        "ADC_getCalCoe145": ["uint32", 0],
        "ADC_getCalCoe146": ["uint32", 0],
        "ADC_getCalCoe147": ["uint32", 0],
        "ADC_getCalCoe148": ["uint32", 0],
        "ADC_getCalCoe149": ["uint32", 0],
        "ADC_getCalCoe150": ["uint32", 0],
        "ADC_getCalCoe151": ["uint32", 0],
        "ADC_getCalCoe152": ["uint32", 0],
        "ADC_getCalCoe153": ["uint32", 0],
        "ADC_getCalCoe154": ["uint32", 0],
        "ADC_getCalCoe155": ["uint32", 0],
        "ADC_getCalCoe156": ["uint32", 0],
        "ADC_getCalCoe157": ["uint32", 0],
        "ADC_getCalCoe158": ["uint32", 0],
        "ADC_getCalCoe159": ["uint32", 0],
        "ADC_getCalCoe160": ["uint32", 0],
        "ADC_getCalCoe161": ["uint32", 0],
        "ADC_getCalCoe162": ["uint32", 0],
        "ADC_getCalCoe163": ["uint32", 0],
        "ADC_getCalCoe164": ["uint32", 0],
        "ADC_getCalCoe165": ["uint32", 0],
        "ADC_getCalCoe166": ["uint32", 0],
        "ADC_getCalCoe167": ["uint32", 0],
        "ADC_getCalCoe168": ["uint32", 0],
        "ADC_getCalCoe169": ["uint32", 0],
        "ADC_getCalCoe170": ["uint32", 0],
        "ADC_getCalCoe171": ["uint32", 0],
        "ADC_getCalCoe172": ["uint32", 0],
        "ADC_getCalCoe173": ["uint32", 0],
        "ADC_getCalCoe174": ["uint32", 0],
        "ADC_getCalCoe175": ["uint32", 0],
        "ADC_getCalCoe176": ["uint32", 0],
        "ADC_getCalCoe177": ["uint32", 0],
        "ADC_getCalCoe178": ["uint32", 0],
        "ADC_getCalCoe179": ["uint32", 0],
        "ADC_getCalCoe180": ["uint32", 0],
        "ADC_getCalCoe181": ["uint32", 0],
        "ADC_getCalCoe182": ["uint32", 0],
        "ADC_getCalCoe183": ["uint32", 0],
        "ADC_getCalCoe184": ["uint32", 0],
        "ADC_getCalCoe185": ["uint32", 0],
        "ADC_getCalCoe186": ["uint32", 0],
        "ADC_getCalCoe187": ["uint32", 0],
        "ADC_getCalCoe188": ["uint32", 0],
        "ADC_getCalCoe189": ["uint32", 0],
        "ADC_getCalCoe190": ["uint32", 0],
        "ADC_getCalCoe191": ["uint32", 0],
        "ADC_getCalCoe192": ["uint32", 0],
        "ADC_getCalCoe193": ["uint32", 0],
        "ADC_getCalCoe194": ["uint32", 0],
        "ADC_getCalCoe195": ["uint32", 0],
        "ADC_getCalCoe196": ["uint32", 0],
        "ADC_getCalCoe197": ["uint32", 0],
        "ADC_getCalCoe198": ["uint32", 0],
        "ADC_getCalCoe199": ["uint32", 0],
        "ADC_getCalCoe200": ["uint32", 0],
        "ADC_getCalCoe201": ["uint32", 0],
        "ADC_getCalCoe202": ["uint32", 0],
        "ADC_getCalCoe203": ["uint32", 0],
        "ADC_getCalCoe204": ["uint32", 0],
        "ADC_getCalCoe205": ["uint32", 0],
        "ADC_getCalCoe206": ["uint32", 0],
        "ADC_getCalCoe207": ["uint32", 0],
        "ADC_getCalCoe208": ["uint32", 0],
        "ADC_getCalCoe209": ["uint32", 0],
        "ADC_getCalCoe210": ["uint32", 0],
        "ADC_getCalCoe211": ["uint32", 0],
        "ADC_getCalCoe212": ["uint32", 0],
        "ADC_getCalCoe213": ["uint32", 0],
        "ADC_getCalCoe214": ["uint32", 0],
        "ADC_getCalCoe215": ["uint32", 0],
        "ADC_getCalCoe216": ["uint32", 0],
        "ADC_getCalCoe217": ["uint32", 0],
        "ADC_getCalCoe218": ["uint32", 0],
        "ADC_getCalCoe219": ["uint32", 0],
        "ADC_getCalCoe220": ["uint32", 0],
        "ADC_getCalCoe221": ["uint32", 0],
        "ADC_getCalCoe222": ["uint32", 0],
        "ADC_getCalCoe223": ["uint32", 0],
        "ADC_getCalCoe224": ["uint32", 0],
        "ADC_getCalCoe225": ["uint32", 0],
        "ADC_getCalCoe226": ["uint32", 0],
        "ADC_getCalCoe227": ["uint32", 0],
        "ADC_getCalCoe228": ["uint32", 0],
        "ADC_getCalCoe229": ["uint32", 0],
        "ADC_getCalCoe230": ["uint32", 0],
        "ADC_getCalCoe231": ["uint32", 0],
        "ADC_getCalCoe232": ["uint32", 0],
        "ADC_getCalCoe233": ["uint32", 0],
        "ADC_getCalCoe234": ["uint32", 0],
        "ADC_getCalCoe235": ["uint32", 0],
        "ADC_getCalCoe236": ["uint32", 0],
        "ADC_getCalCoe237": ["uint32", 0],
        "ADC_getCalCoe238": ["uint32", 0],
        "ADC_getCalCoe239": ["uint32", 0],
        "ADC_getCalCoe240": ["uint32", 0],
        "ADC_getCalCoe241": ["uint32", 0],
        "ADC_getCalCoe242": ["uint32", 0],
        "ADC_getCalCoe243": ["uint32", 0],
        "ADC_getCalCoe244": ["uint32", 0],
        "ADC_getCalCoe245": ["uint32", 0],
        "ADC_getCalCoe246": ["uint32", 0],
        "ADC_getCalCoe247": ["uint32", 0],
        "ADC_getCalCoe248": ["uint32", 0],
        "ADC_getCalCoe249": ["uint32", 0],
        "ADC_getCalCoe250": ["uint32", 0],
        "ADC_getCalCoe251": ["uint32", 0],
        "ADC_getCalCoe252": ["uint32", 0],
        "ADC_getCalCoe253": ["uint32", 0],
        "ADC_getCalCoe254": ["uint32", 0],
        "ADC_getCalCoe255": ["uint32", 0],

        "AmpCalParamConfigOperateType": ["uint32", 0],
        "AmpCalParamConfigChnlType": ["uint32", 0],
        "AmpCalParamConfigChnl0": ["double", 0],
        "AmpCalParamConfigChnl1": ["double", 0],
        "AmpCalParamConfigChnl2": ["double", 0],
        "AmpCalParamConfigChnl3": ["double", 0],
        "AmpCalParamConfigChnl4": ["double", 0],
        "AmpCalParamConfigChnl5": ["double", 0],
        "AmpCalParamConfigChnl6": ["double", 0],
        "AmpCalParamConfigChnl7": ["double", 0],
        "AmpCalParamConfigResult": ["uint32", 1],
        "AmpCalParamGetOperateType": ["uint32", 0],
        "AmpCalParamGetChnlType": ["uint32", 0],
        "AmpCalParamGetResult": ["uint32", 1],
        "AmpCalParamGetChnl0": ["double", 0],
        "AmpCalParamGetChnl1": ["double", 0],
        "AmpCalParamGetChnl2": ["double", 0],
        "AmpCalParamGetChnl3": ["double", 0],
        "AmpCalParamGetChnl4": ["double", 0],
        "AmpCalParamGetChnl5": ["double", 0],
        "AmpCalParamGetChnl6": ["double", 0],
        "AmpCalParamGetChnl7": ["double", 0],

        "固件路径A7": ["file", ""],
        "固件更新A7结果": ["uint32", 0],

        "DAC_outputCurrentValue": ["uint32", 0],
        "DAC_outputPowerConfigResult": ["uint32", 1],

        "DACVopParamConfigSRate": ["uint32", 0],
        "DACVopParamConfigOutputGear": ["uint32", 0],
        "DACVopParamConfigOperateType": ["uint32", 0],
        "DACVopParamConfigChnl0": ["uint32", 0],
        "DACVopParamConfigChnl1": ["uint32", 0],
        "DACVopParamConfigChnl2": ["uint32", 0],
        "DACVopParamConfigChnl3": ["uint32", 0],
        "DACVopParamConfigChnl4": ["uint32", 0],
        "DACVopParamConfigChnl5": ["uint32", 0],
        "DACVopParamConfigChnl6": ["uint32", 0],
        "DACVopParamConfigChnl7": ["uint32", 0],
        "DACVopParamConfigResult": ["uint32", 1],

        "DACVopParamGetOperateType": ["uint32", 0],
        "DACVopParamGetResult": ["uint32", 1],
        "DACVopParamGetChnl0": ["uint32", 0],
        "DACVopParamGetChnl1": ["uint32", 0],
        "DACVopParamGetChnl2": ["uint32", 0],
        "DACVopParamGetChnl3": ["uint32", 0],
        "DACVopParamGetChnl4": ["uint32", 0],
        "DACVopParamGetChnl5": ["uint32", 0],
        "DACVopParamGetChnl6": ["uint32", 0],
        "DACVopParamGetChnl7": ["uint32", 0],

        "DACVopParamSetSRate": ["uint32", 0],
        "DACVopParamSetOutputGear": ["uint32", 0],
        "DACVopParamSetResult": ["uint32", 1],

        "LSDADC_OffsetParamSetChnlType": ["uint32", 0],
        "LSDADC_OffsetParamSetSRate": ["uint32", 0],
        "LSDADC_OffsetParamSetOutputGear": ["uint32", 0],
        "LSDADC_OffsetParamSetVoltage": ["uint32", 0],
        "LSDADC_OffsetParamSetResult": ["uint32", 1],

        "BITDownloadFileName": ["uint32", 0],
        "BITDownloadFilePath": ["file", ""],
        "BITDownloadResult": ["uint32", 1],

        "BITSwitchFileName": ["uint32", 0],
        "BITSwitchResult": ["uint32", 1],

        "SAT_autobootsetting": ["uint32", 0],
        "SAT_autobootsettingConfigResult": ["uint32", 1],

        "post_calibrationConfEN": ["uint32", 1]
    },
    "command": {
        "固件更新": {
            "send": [
                "发送指令包头",
                ["uint32", "0x31000006"],
                ["uint32", "0x00000000"],
                ["uint32", "0x00000000"],
                "固件路径"
            ],
            "recv": [
                "接收指令包头",
                ["uint32", "0x31000006"],
                ["uint32", "0x00000000"],
                ["uint32", "0x14000000"],
                "固件更新结果"
            ]
        },
        "固件更新A7": {
            "send": [
                "发送指令包头",
                ["uint32", "0x61000004"],
                ["uint32", "0x00000000"],
                ["uint32", "0x00000000"],
                "固件路径A7"
            ],
            "recv": [
                "接收指令包头",
                ["uint32", "0x61000004"],
                ["uint32", "0x00000000"],
                ["uint32", "0x14000000"],
                "固件更新A7结果"
            ]
        },
        "固件更新multiboot": {
            "send": [
                "发送指令包头",
                ["uint32", "0x31000006"],
                ["uint32", "0x00000000"],
                ["uint32", "0x00000000"],
                "固件路径multiboot",
                "固件版本标识multiboot"
            ],
            "recv": [
                "接收指令包头",
                ["uint32", "0x31000006"],
                ["uint32", "0x00000000"],
                ["uint32", "0x14000000"],
                "固件更新结果multiboot"
            ]
        },
        "BITDownload": {
            "send": [
                "发送指令包头",
                ["uint32", "0x31002000"],
                ["uint32", "0x00000000"],
                ["uint32", "0x00000034"],
                "BITDownloadFileName",
                "BITDownloadFilePath"
            ],
            "recv": [
                "接收指令包头",
                ["uint32", "0x31002000"],
                ["uint32", "0x00000000"],
                ["uint32", "0x00000014"],
                "BITDownloadResult"
            ]
        },
        "BITSwitch": {
            "send": [
                "发送指令包头",
                ["uint32", "0x31002001"],
                ["uint32", "0x00000000"],
                ["uint32", "0x00000034"],
                "BITSwitchFileName"
            ],
            "recv": [
                "接收指令包头",
                ["uint32", "0x31002001"],
                ["uint32", "0x00000000"],
                ["uint32", "0x00000014"],
                "BITSwitchResult"
            ]
        },

        "LSDADC_OffsetParamConfig": {
            "send": [
                "发送指令包头",
                ["uint32", "0x71001000"],
                ["uint32", "0x00000000"],
                ["uint32", "0x00000034"],
                "LSDADC_OffsetChnlType",
                "LSDADC_OffsetSRate",
                "LSDADC_OffsetOutputGear",
                "LSDADC_OffsetVoltage",
                "LSDADC_OffsetOperateType",
                "LSDADC_OffsetParam0",
                "LSDADC_OffsetParam1",
                "LSDADC_OffsetParam2",
                "LSDADC_OffsetParam3",
                "LSDADC_OffsetParam4",
                "LSDADC_OffsetParam5",
                "LSDADC_OffsetParam6",
                "LSDADC_OffsetParam7"
            ],
            "recv": [
                "接收指令包头",
                ["uint32", "0x71001000"],
                ["uint32", "0x00000000"],
                ["uint32", "0x00000014"],

                "LSDADC_OffsetParamConfigResult"
            ]
        },
        "LSDADC_OffsetParamSet": {
            "send": [
                "发送指令包头",
                ["uint32", "0x7100100C"],
                ["uint32", "0x00000000"],
                ["uint32", "0x00000034"],
                "LSDADC_OffsetParamSetChnlType",
                "LSDADC_OffsetParamSetSRate",
                "LSDADC_OffsetParamSetOutputGear",
                "LSDADC_OffsetParamSetVoltage"
            ],
            "recv": [
                "接收指令包头",
                ["uint32", "0x7100100C"],
                ["uint32", "0x00000000"],
                ["uint32", "0x00000014"],

                "LSDADC_OffsetParamSetResult"
            ]
        },
        "FIR_coefficientReloadConfig": {
            "send": [
                "发送指令包头",
                ["uint32", "0x71001001"],
                ["uint32", "0x00000000"],
                ["uint32", "0x00000014"],
                "FIR_coefficientReloadOperateType",
                "FIR_coefficientReloadChnlType",
                "FIR_coefficientReloadChnl",
                "FIR_coefficientReloadFilePath"
            ],
            "recv": [
                "接收指令包头",
                ["uint32", "0x71001001"],
                ["uint32", "0x00000000"],
                ["uint32", "0x00000014"],
                "FIR_coefficientReloadConfigResult"
            ]
        },
        "FIR_BypassEn": {
            "send": [
                "发送指令包头",
                ["uint32", "0x71001002"],
                ["uint32", "0x00000000"],
                ["uint32", "0x00000014"],

                "FIR_BypassEnChnlType",
                "FIR_BypassEnChnl",
                "FIR_Bypass"
            ],
            "recv": [
                "接收指令包头",
                ["uint32", "0x71001002"],
                ["uint32", "0x00000000"],
                ["uint32", "0x00000014"],

                "FIR_BypassEnResult"
            ]
        },
        "LSDADC_getOffsetParam": {
            "send": [
                "发送指令包头",
                ["uint32", "0x71001003"],
                ["uint32", "0x00000000"],
                ["uint32", "0x00000034"],
                "LSDADC_getOffsetParamChnlType",
                "LSDADC_getOffsetSRate",
                "LSDADC_getOffsetOutputGear",
                "LSDADC_getOffsetVoltage",
                "LSDADC_getOffsetParamOperateType"
            ],
            "recv": [
                "接收指令包头",
                ["uint32", "0x71001003"],
                ["uint32", "0x00000000"],
                ["uint32", "0x00000014"],

                "LSDADC_getOffsetParamResult",
                "LSDADC_getOffsetParam0",
                "LSDADC_getOffsetParam1",
                "LSDADC_getOffsetParam2",
                "LSDADC_getOffsetParam3",
                "LSDADC_getOffsetParam4",
                "LSDADC_getOffsetParam5",
                "LSDADC_getOffsetParam6",
                "LSDADC_getOffsetParam7"
            ]
        },
        "FIR_getCoefficientReloadConfig": {
            "send": [
                "发送指令包头",
                ["uint32", "0x71001004"],
                ["uint32", "0x00000000"],
                ["uint32", "0x00000014"],

                "FIR_getCoefficientReloadOperateType",
                "FIR_getCoefficientReloadChnlType",
                "FIR_getCoefficientReloadChnl"
            ],
            "recv": [
                "接收指令包头",
                ["uint32", "0x71001004"],
                ["uint32", "0x00000000"],
                ["uint32", "0x00000014"],
                "FIR_getCoefficientReloadConfigResult",
                "FIR_getCoefficient0",
                "FIR_getCoefficient1",
                "FIR_getCoefficient2",
                "FIR_getCoefficient3",
                "FIR_getCoefficient4",
                "FIR_getCoefficient5",
                "FIR_getCoefficient6",
                "FIR_getCoefficient7",
                "FIR_getCoefficient8",
                "FIR_getCoefficient9",
                "FIR_getCoefficient10",
                "FIR_getCoefficient11",
                "FIR_getCoefficient12",
                "FIR_getCoefficient13",
                "FIR_getCoefficient14",
                "FIR_getCoefficient15",
                "FIR_getCoefficient16",
                "FIR_getCoefficient17",
                "FIR_getCoefficient18",
                "FIR_getCoefficient19",
                "FIR_getCoefficient20",
                "FIR_getCoefficient21",
                "FIR_getCoefficient22",
                "FIR_getCoefficient23",
                "FIR_getCoefficient24",
                "FIR_getCoefficient25"
            ]
        },
        "FIR_getBypassEn": {
            "send": [
                "发送指令包头",
                ["uint32", "0x71001005"],
                ["uint32", "0x00000000"],
                ["uint32", "0x00000014"],
                "FIR_getBypassEnChnlType"
            ],
            "recv": [
                "接收指令包头",
                ["uint32", "0x71001005"],
                ["uint32", "0x00000000"],
                ["uint32", "0x00000014"],
                "FIR_getBypassEnResult",
                "FIR_getBypass"
            ]
        },
        "ADC_CalCoeConfig": {
            "send": [
                "发送指令包头",
                ["uint32", "0x71001006"],
                ["uint32", "0x00000000"],
                ["uint32", "0x00000014"],
                "ADC_CalCoeNyquistZone",
                "ADC_CalCoeOperateType"
            ],
            "recv": [
                "接收指令包头",
                ["uint32", "0x71001006"],
                ["uint32", "0x00000000"],
                ["uint32", "0x00000014"],
                "ADC_CalCoeConfigResult"
            ]
        },
        "ADC_getCalCoe": {
            "send": [
                "发送指令包头",
                ["uint32", "0x71001007"],
                ["uint32", "0x00000000"],
                ["uint32", "0x00000014"],
                "ADC_getCalCoeNyquistZone",
                "ADC_getCalCoeOperateType"
            ],
            "recv": [
                "接收指令包头",
                ["uint32", "0x71001007"],
                ["uint32", "0x00000000"],
                ["uint32", "0x00000014"],
                "ADC_getCalCoeResult",
                "ADC_getCalCoe0",
                "ADC_getCalCoe1",
                "ADC_getCalCoe2",
                "ADC_getCalCoe3",
                "ADC_getCalCoe4",
                "ADC_getCalCoe5",
                "ADC_getCalCoe6",
                "ADC_getCalCoe7",
                "ADC_getCalCoe8",
                "ADC_getCalCoe9",
                "ADC_getCalCoe10",
                "ADC_getCalCoe11",
                "ADC_getCalCoe12",
                "ADC_getCalCoe13",
                "ADC_getCalCoe14",
                "ADC_getCalCoe15",
                "ADC_getCalCoe16",
                "ADC_getCalCoe17",
                "ADC_getCalCoe18",
                "ADC_getCalCoe19",
                "ADC_getCalCoe20",
                "ADC_getCalCoe21",
                "ADC_getCalCoe22",
                "ADC_getCalCoe23",
                "ADC_getCalCoe24",
                "ADC_getCalCoe25",
                "ADC_getCalCoe26",
                "ADC_getCalCoe27",
                "ADC_getCalCoe28",
                "ADC_getCalCoe29",
                "ADC_getCalCoe30",
                "ADC_getCalCoe31",
                "ADC_getCalCoe32",
                "ADC_getCalCoe33",
                "ADC_getCalCoe34",
                "ADC_getCalCoe35",
                "ADC_getCalCoe36",
                "ADC_getCalCoe37",
                "ADC_getCalCoe38",
                "ADC_getCalCoe39",
                "ADC_getCalCoe40",
                "ADC_getCalCoe41",
                "ADC_getCalCoe42",
                "ADC_getCalCoe43",
                "ADC_getCalCoe44",
                "ADC_getCalCoe45",
                "ADC_getCalCoe46",
                "ADC_getCalCoe47",
                "ADC_getCalCoe48",
                "ADC_getCalCoe49",
                "ADC_getCalCoe50",
                "ADC_getCalCoe51",
                "ADC_getCalCoe52",
                "ADC_getCalCoe53",
                "ADC_getCalCoe54",
                "ADC_getCalCoe55",
                "ADC_getCalCoe56",
                "ADC_getCalCoe57",
                "ADC_getCalCoe58",
                "ADC_getCalCoe59",
                "ADC_getCalCoe60",
                "ADC_getCalCoe61",
                "ADC_getCalCoe62",
                "ADC_getCalCoe63",
                "ADC_getCalCoe64",
                "ADC_getCalCoe65",
                "ADC_getCalCoe66",
                "ADC_getCalCoe67",
                "ADC_getCalCoe68",
                "ADC_getCalCoe69",
                "ADC_getCalCoe70",
                "ADC_getCalCoe71",
                "ADC_getCalCoe72",
                "ADC_getCalCoe73",
                "ADC_getCalCoe74",
                "ADC_getCalCoe75",
                "ADC_getCalCoe76",
                "ADC_getCalCoe77",
                "ADC_getCalCoe78",
                "ADC_getCalCoe79",
                "ADC_getCalCoe80",
                "ADC_getCalCoe81",
                "ADC_getCalCoe82",
                "ADC_getCalCoe83",
                "ADC_getCalCoe84",
                "ADC_getCalCoe85",
                "ADC_getCalCoe86",
                "ADC_getCalCoe87",
                "ADC_getCalCoe88",
                "ADC_getCalCoe89",
                "ADC_getCalCoe90",
                "ADC_getCalCoe91",
                "ADC_getCalCoe92",
                "ADC_getCalCoe93",
                "ADC_getCalCoe94",
                "ADC_getCalCoe95",
                "ADC_getCalCoe96",
                "ADC_getCalCoe97",
                "ADC_getCalCoe98",
                "ADC_getCalCoe99",
                "ADC_getCalCoe100",
                "ADC_getCalCoe101",
                "ADC_getCalCoe102",
                "ADC_getCalCoe103",
                "ADC_getCalCoe104",
                "ADC_getCalCoe105",
                "ADC_getCalCoe106",
                "ADC_getCalCoe107",
                "ADC_getCalCoe108",
                "ADC_getCalCoe109",
                "ADC_getCalCoe110",
                "ADC_getCalCoe111",
                "ADC_getCalCoe112",
                "ADC_getCalCoe113",
                "ADC_getCalCoe114",
                "ADC_getCalCoe115",
                "ADC_getCalCoe116",
                "ADC_getCalCoe117",
                "ADC_getCalCoe118",
                "ADC_getCalCoe119",
                "ADC_getCalCoe120",
                "ADC_getCalCoe121",
                "ADC_getCalCoe122",
                "ADC_getCalCoe123",
                "ADC_getCalCoe124",
                "ADC_getCalCoe125",
                "ADC_getCalCoe126",
                "ADC_getCalCoe127",
                "ADC_getCalCoe128",
                "ADC_getCalCoe129",
                "ADC_getCalCoe130",
                "ADC_getCalCoe131",
                "ADC_getCalCoe132",
                "ADC_getCalCoe133",
                "ADC_getCalCoe134",
                "ADC_getCalCoe135",
                "ADC_getCalCoe136",
                "ADC_getCalCoe137",
                "ADC_getCalCoe138",
                "ADC_getCalCoe139",
                "ADC_getCalCoe140",
                "ADC_getCalCoe141",
                "ADC_getCalCoe142",
                "ADC_getCalCoe143",
                "ADC_getCalCoe144",
                "ADC_getCalCoe145",
                "ADC_getCalCoe146",
                "ADC_getCalCoe147",
                "ADC_getCalCoe148",
                "ADC_getCalCoe149",
                "ADC_getCalCoe150",
                "ADC_getCalCoe151",
                "ADC_getCalCoe152",
                "ADC_getCalCoe153",
                "ADC_getCalCoe154",
                "ADC_getCalCoe155",
                "ADC_getCalCoe156",
                "ADC_getCalCoe157",
                "ADC_getCalCoe158",
                "ADC_getCalCoe159",
                "ADC_getCalCoe160",
                "ADC_getCalCoe161",
                "ADC_getCalCoe162",
                "ADC_getCalCoe163",
                "ADC_getCalCoe164",
                "ADC_getCalCoe165",
                "ADC_getCalCoe166",
                "ADC_getCalCoe167",
                "ADC_getCalCoe168",
                "ADC_getCalCoe169",
                "ADC_getCalCoe170",
                "ADC_getCalCoe171",
                "ADC_getCalCoe172",
                "ADC_getCalCoe173",
                "ADC_getCalCoe174",
                "ADC_getCalCoe175",
                "ADC_getCalCoe176",
                "ADC_getCalCoe177",
                "ADC_getCalCoe178",
                "ADC_getCalCoe179",
                "ADC_getCalCoe180",
                "ADC_getCalCoe181",
                "ADC_getCalCoe182",
                "ADC_getCalCoe183",
                "ADC_getCalCoe184",
                "ADC_getCalCoe185",
                "ADC_getCalCoe186",
                "ADC_getCalCoe187",
                "ADC_getCalCoe188",
                "ADC_getCalCoe189",
                "ADC_getCalCoe190",
                "ADC_getCalCoe191",
                "ADC_getCalCoe192",
                "ADC_getCalCoe193",
                "ADC_getCalCoe194",
                "ADC_getCalCoe195",
                "ADC_getCalCoe196",
                "ADC_getCalCoe197",
                "ADC_getCalCoe198",
                "ADC_getCalCoe199",
                "ADC_getCalCoe200",
                "ADC_getCalCoe201",
                "ADC_getCalCoe202",
                "ADC_getCalCoe203",
                "ADC_getCalCoe204",
                "ADC_getCalCoe205",
                "ADC_getCalCoe206",
                "ADC_getCalCoe207",
                "ADC_getCalCoe208",
                "ADC_getCalCoe209",
                "ADC_getCalCoe210",
                "ADC_getCalCoe211",
                "ADC_getCalCoe212",
                "ADC_getCalCoe213",
                "ADC_getCalCoe214",
                "ADC_getCalCoe215",
                "ADC_getCalCoe216",
                "ADC_getCalCoe217",
                "ADC_getCalCoe218",
                "ADC_getCalCoe219",
                "ADC_getCalCoe220",
                "ADC_getCalCoe221",
                "ADC_getCalCoe222",
                "ADC_getCalCoe223",
                "ADC_getCalCoe224",
                "ADC_getCalCoe225",
                "ADC_getCalCoe226",
                "ADC_getCalCoe227",
                "ADC_getCalCoe228",
                "ADC_getCalCoe229",
                "ADC_getCalCoe230",
                "ADC_getCalCoe231",
                "ADC_getCalCoe232",
                "ADC_getCalCoe233",
                "ADC_getCalCoe234",
                "ADC_getCalCoe235",
                "ADC_getCalCoe236",
                "ADC_getCalCoe237",
                "ADC_getCalCoe238",
                "ADC_getCalCoe239",
                "ADC_getCalCoe240",
                "ADC_getCalCoe241",
                "ADC_getCalCoe242",
                "ADC_getCalCoe243",
                "ADC_getCalCoe244",
                "ADC_getCalCoe245",
                "ADC_getCalCoe246",
                "ADC_getCalCoe247",
                "ADC_getCalCoe248",
                "ADC_getCalCoe249",
                "ADC_getCalCoe250",
                "ADC_getCalCoe251",
                "ADC_getCalCoe252",
                "ADC_getCalCoe253",
                "ADC_getCalCoe254",
                "ADC_getCalCoe255"
            ]
        },
        "AmpCalParamConfig": {
            "send": [
                "发送指令包头",
                ["uint32", "0x71001008"],
                ["uint32", "0x00000000"],
                ["uint32", "0x00000034"],
                "AmpCalParamConfigOperateType",
                "AmpCalParamConfigChnlType",
                "AmpCalParamConfigChnl0",
                "AmpCalParamConfigChnl1",
                "AmpCalParamConfigChnl2",
                "AmpCalParamConfigChnl3",
                "AmpCalParamConfigChnl4",
                "AmpCalParamConfigChnl5",
                "AmpCalParamConfigChnl6",
                "AmpCalParamConfigChnl7"
            ],
            "recv": [
                "接收指令包头",
                ["uint32", "0x71001008"],
                ["uint32", "0x00000000"],
                ["uint32", "0x00000014"],
                "AmpCalParamConfigResult"
            ]
        },
        "AmpCalParamGet": {
            "send": [
                "发送指令包头",
                ["uint32", "0x71001009"],
                ["uint32", "0x00000000"],
                ["uint32", "0x00000034"],
                "AmpCalParamGetOperateType",
                "AmpCalParamGetChnlType"
            ],
            "recv": [
                "接收指令包头",
                ["uint32", "0x71001009"],
                ["uint32", "0x00000000"],
                ["uint32", "0x00000014"],

                "AmpCalParamGetResult",

                "AmpCalParamGetChnl0",
                "AmpCalParamGetChnl1",
                "AmpCalParamGetChnl2",
                "AmpCalParamGetChnl3",
                "AmpCalParamGetChnl4",
                "AmpCalParamGetChnl5",
                "AmpCalParamGetChnl6",
                "AmpCalParamGetChnl7"
            ]
        },
        "DACVopParamConfig": {
            "send": [
                "发送指令包头",
                ["uint32", "0x7100100A"],
                ["uint32", "0x00000000"],
                ["uint32", "0x00000034"],

                "DACVopParamConfigSRate",
                "DACVopParamConfigOutputGear",
                "DACVopParamConfigOperateType",
                "DACVopParamConfigChnl0",
                "DACVopParamConfigChnl1",
                "DACVopParamConfigChnl2",
                "DACVopParamConfigChnl3",
                "DACVopParamConfigChnl4",
                "DACVopParamConfigChnl5",
                "DACVopParamConfigChnl6",
                "DACVopParamConfigChnl7"
            ],
            "recv": [
                "接收指令包头",
                ["uint32", "0x7100100A"],
                ["uint32", "0x00000000"],
                ["uint32", "0x00000014"],

                "DACVopParamConfigResult"
            ]
        },
        "DACVopParamGet": {
            "send": [
                "发送指令包头",
                ["uint32", "0x7100100B"],
                ["uint32", "0x00000000"],
                ["uint32", "0x00000034"],
                "DACVopParamGetOperateType"
            ],
            "recv": [
                "接收指令包头",
                ["uint32", "0x7100100B"],
                ["uint32", "0x00000000"],
                ["uint32", "0x00000014"],

                "DACVopParamGetResult",
                "DACVopParamGetChnl0",
                "DACVopParamGetChnl1",
                "DACVopParamGetChnl2",
                "DACVopParamGetChnl3",
                "DACVopParamGetChnl4",
                "DACVopParamGetChnl5",
                "DACVopParamGetChnl6",
                "DACVopParamGetChnl7"
            ]
        },
        "DACVopParamSet": {
            "send": [
                "发送指令包头",
                ["uint32", "0x7100100D"],
                ["uint32", "0x00000000"],
                ["uint32", "0x00000034"],

                "DACVopParamSetSRate",
                "DACVopParamSetOutputGear"
            ],
            "recv": [
                "接收指令包头",
                ["uint32", "0x7100100B"],
                ["uint32", "0x00000000"],
                ["uint32", "0x00000014"],

                "DACVopParamSetResult"

            ]
        },

        "triggerConfig": {
            "send": [
                "发送指令包头",
                ["uint32", "0xB1000018"],
                ["uint32", "0x00000000"],
                ["uint32", "0x00000014"],
                "triggerSource",
                "triggerOutput"
            ],
            "recv": [
                "接收指令包头",
                ["uint32", "0xB1000018"],
                ["uint32", "0x00000000"],
                ["uint32", "0x00000014"],
                "triggerConfigResult"
            ]
        },
        "internalTriggerConfig": {
            "send": [
                "发送指令包头",
                ["uint32", "0xB1000020"],
                ["uint32", "0x00000000"],
                ["uint32", "0x00000014"],
                "triggerPulseWidth",
                "triggerRepeatSize",
                "triggerPeriod",
                "triggerDelay",
                "triggerEdgeType",
                "triggerHoldOffTime",
                "triggerEdgeSet0",
                "triggerEdgeSet1",
                "triggerEdgeSet2",
                "triggerEdgeSet3",
                "triggerEdgeSet4",
                "triggerEdgeSet5",
                "triggerEdgeSet6",
                "triggerEdgeSet7"
            ],
            "recv": [
                "接收指令包头",
                ["uint32", "0xB1000020"],
                ["uint32", "0x00000000"],
                ["uint32", "0x00000014"],
                "internalTriggerConfigResult"
            ]
        },
        "sampleConfig": {
            "send": [
                "发送指令包头",
                ["uint32", "0xB1000022"],
                ["uint32", "0x00000000"],
                ["uint32", "0x00000014"],
                "sampleEnable0",
                "sampleStrageDepth0",
                "sampleLenPre0",
                "sampleTimes0",
                "sampleLogicalExtractionMultiple0",
                "sampleCollectDataTruncation0",
                "sampleCollectDataType0",
                "sampleEnable1",
                "sampleStrageDepth1",
                "sampleLenPre1",
                "sampleTimes1",
                "sampleLogicalExtractionMultiple1",
                "sampleCollectDataTruncation1",
                "sampleCollectDataType1",
                "sampleEnable2",
                "sampleStrageDepth2",
                "sampleLenPre2",
                "sampleTimes2",
                "sampleLogicalExtractionMultiple2",
                "sampleCollectDataTruncation2",
                "sampleCollectDataType2",
                "sampleEnable3",
                "sampleStrageDepth3",
                "sampleLenPre3",
                "sampleTimes3",
                "sampleLogicalExtractionMultiple3",
                "sampleCollectDataTruncation3",
                "sampleCollectDataType3",
                "sampleEnable4",
                "sampleStrageDepth4",
                "sampleLenPre4",
                "sampleTimes4",
                "sampleLogicalExtractionMultiple4",
                "sampleCollectDataTruncation4",
                "sampleCollectDataType4",
                "sampleEnable5",
                "sampleStrageDepth5",
                "sampleLenPre5",
                "sampleTimes5",
                "sampleLogicalExtractionMultiple5",
                "sampleCollectDataTruncation5",
                "sampleCollectDataType5",
                "sampleEnable6",
                "sampleStrageDepth6",
                "sampleLenPre6",
                "sampleTimes6",
                "sampleLogicalExtractionMultiple6",
                "sampleCollectDataTruncation6",
                "sampleCollectDataType6",
                "sampleEnable7",
                "sampleStrageDepth7",
                "sampleLenPre7",
                "sampleTimes7",
                "sampleLogicalExtractionMultiple7",
                "sampleCollectDataTruncation7",
                "sampleCollectDataType7"
            ],
            "recv": [
                "接收指令包头",
                ["uint32", "0xB1000022"],
                ["uint32", "0x00000000"],
                ["uint32", "0x00000014"],
                "sampleConfigResult"
            ]
        },
        "sampleStatusConfig": {
            "send": [
                "发送指令包头",
                ["uint32", "0xB1000021"],
                ["uint32", "0x00000000"],
                ["uint32", "0x00000014"],
                "sampleStatus"
            ],
            "recv": [
                "接收指令包头",
                ["uint32", "0xB1000021"],
                ["uint32", "0x00000000"],
                ["uint32", "0x00000014"],
                "sampleStatusConfigResult"
            ]
        },
        "ADC_NYQZoneConfig": {
            "send": [
                "发送指令包头",
                ["uint32", "0xB1000008"],
                ["uint32", "0x00000000"],
                ["uint32", "0x000000BC"],
                "ADC_NYQZone0",
                "ADC_NYQZone1",
                "ADC_NYQZone2",
                "ADC_NYQZone3",
                "ADC_NYQZone4",
                "ADC_NYQZone5",
                "ADC_NYQZone6",
                "ADC_NYQZone7"
            ],
            "recv": [
                "接收指令包头",
                ["uint32", "0xC1000008"],
                ["uint32", "0x00000000"],
                ["uint32", "0x00000014"],
                "ADC_NYQZoneResult"
            ]
        },
        "ADC_DDSConfig": {
            "send": [
                "发送指令包头",
                ["uint32", "0xB1000009"],
                ["uint32", "0x00000000"],
                ["uint32", "0x00000014"],
                "ADC_DDCEnable",
                "ADC_NCOFrequency0",
                "ADC_NCOInitialPhase0",
                "ADC_NCOFrequency1",
                "ADC_NCOInitialPhase1",
                "ADC_NCOFrequency2",
                "ADC_NCOInitialPhase2",
                "ADC_NCOFrequency3",
                "ADC_NCOInitialPhase3",
                "ADC_NCOFrequency4",
                "ADC_NCOInitialPhase4",
                "ADC_NCOFrequency5",
                "ADC_NCOInitialPhase5",
                "ADC_NCOFrequency6",
                "ADC_NCOInitialPhase6",
                "ADC_NCOFrequency7",
                "ADC_NCOInitialPhase7"
            ],
            "recv": [
                "接收指令包头",
                ["uint32", "0xB1000009"],
                ["uint32", "0x00000000"],
                ["uint32", "0x00000014"],
                "ADC_DDSConfigResult"
            ]
        },
        "ADC_channelDelayConfig": {
            "send": [
                "发送指令包头",
                ["uint32", "0x31000021"],
                ["uint32", "0x00000000"],
                ["uint32", "0x00000014"],
                "ADC_channelDelay0",
                "ADC_channelDelay1",
                "ADC_channelDelay2",
                "ADC_channelDelay3",
                "ADC_channelDelay4",
                "ADC_channelDelay5",
                "ADC_channelDelay6",
                "ADC_channelDelay7"
            ],
            "recv": [
                "接收指令包头",
                ["uint32", "0x31000021"],
                ["uint32", "0x00000000"],
                ["uint32", "0x00000014"],
                "ADC_channelDelayResult"
            ]
        },
        "ADC_functionCapabilitiesConfig": {
            "send": [
                "发送指令包头",
                ["uint32", "0x31000022"],
                ["uint32", "0x00000000"],
                ["uint32", "0x00000014"],
                "ADC_functionCapabilities"
            ],
            "recv": [
                "接收指令包头",
                ["uint32", "0x31000022"],
                ["uint32", "0x00000000"],
                ["uint32", "0x00000014"],
                "ADC_functionCapabilitiesResult"
            ]
        },

        "DAC_outputPowerConfig": {
            "send": [
                "发送指令包头",
                ["uint32", "0x31000018"],
                ["uint32", "0x00000000"],
                ["uint32", "0x00000014"],
                "DAC_outputCurrentValue"
            ],
            "recv": [
                "接收指令包头",
                ["uint32", "0x31000018"],
                ["uint32", "0x00000000"],
                ["uint32", "0x00000014"],
                "DAC_outputPowerConfigResult"
            ]
        },
        "DAC_antiSincEnableConfig": {
            "send": [
                "发送指令包头",
                ["uint32", "0x31000021"],
                ["uint32", "0x00000000"],
                ["uint32", "0x00000014"],
                "DAC_antiSincEnable0",
                "DAC_antiSincEnable1",
                "DAC_antiSincEnable2",
                "DAC_antiSincEnable3",
                "DAC_antiSincEnable4",
                "DAC_antiSincEnable5",
                "DAC_antiSincEnable6",
                "DAC_antiSincEnable7"
            ],
            "recv": [
                "接收指令包头",
                ["uint32", "0x31000021"],
                ["uint32", "0x00000000"],
                ["uint32", "0x00000014"],
                "DAC_antiSincEnableResult"
            ]
        },
        "DAC_NYQZoneConfig": {
            "send": [
                "发送指令包头",
                ["uint32", "0xC1000008"],
                ["uint32", "0x00000000"],
                ["uint32", "0x000000BC"],
                "DAC_NYQZone0",
                "DAC_NYQZone1",
                "DAC_NYQZone2",
                "DAC_NYQZone3",
                "DAC_NYQZone4",
                "DAC_NYQZone5",
                "DAC_NYQZone6",
                "DAC_NYQZone7"
            ],
            "recv": [
                "接收指令包头",
                ["uint32", "0xC1000008"],
                ["uint32", "0x00000000"],
                ["uint32", "0x00000014"],
                "DAC_NYQZoneResult"
            ]
        },
        "DAC_DUCConfig": {
            "send": [
                "发送指令包头",
                ["uint32", "0xC1000009"],
                ["uint32", "0x00000000"],
                ["uint32", "0x00000014"],
                "DAC_DUCEnable",
                "DAC_NCOFrequency0",
                "DAC_NCOInitialPhase0",
                "DAC_NCOFrequency1",
                "DAC_NCOInitialPhase1",
                "DAC_NCOFrequency2",
                "DAC_NCOInitialPhase2",
                "DAC_NCOFrequency3",
                "DAC_NCOInitialPhase3",
                "DAC_NCOFrequency4",
                "DAC_NCOInitialPhase4",
                "DAC_NCOFrequency5",
                "DAC_NCOInitialPhase5",
                "DAC_NCOFrequency6",
                "DAC_NCOInitialPhase6",
                "DAC_NCOFrequency7",
                "DAC_NCOInitialPhase7"
            ],
            "recv": [
                "接收指令包头",
                ["uint32", "0xC1000009"],
                ["uint32", "0x00000000"],
                ["uint32", "0x00000014"],
                "DAC_DUCConfigResult"
            ]
        },
        "DAC_triggerConfig": {
            "send": [
                "发送指令包头",
                ["uint32", "0xC1000018"],
                ["uint32", "0x00000000"],
                ["uint32", "0x00000014"],
                "DAC_triggerSource",
                "DAC_triggerOutput"
            ],
            "recv": [
                "接收指令包头",
                ["uint32", "0xC1000018"],
                ["uint32", "0x00000000"],
                ["uint32", "0x00000014"],
                "DAC_triggerConfigResult"
            ]
        },
        "DAC_operationMode": {
            "send": [
                "发送指令包头",
                ["uint32", "0xC1000019"],
                ["uint32", "0x00000000"],
                ["uint32", "0x00000014"],
                "DAC_burstCount",
                "DAC_repetitiveWorkInterval"
            ],
            "recv": [
                "接收指令包头",
                ["uint32", "0xC1000019"],
                ["uint32", "0x00000000"],
                ["uint32", "0x00000014"],
                "DAC_operationModeConfigResult"
            ]
        },
        "DAC_internalTriggerConfig": {
            "send": [
                "发送指令包头",
                ["uint32", "0xC1000020"],
                ["uint32", "0x00000000"],
                ["uint32", "0x00000014"],
                "DAC_triggerPulseWidth",
                "DAC_triggerRepeatSize",
                "DAC_triggerPeriod",
                "DAC_triggerDelay"
            ],
            "recv": [
                "接收指令包头",
                ["uint32", "0xC1000020"],
                ["uint32", "0x00000000"],
                ["uint32", "0x00000014"],
                "DAC_internalTriggerConfigResult"
            ]
        },
        "DAC_systemStatusConfig": {
            "send": [
                "发送指令包头",
                ["uint32", "0xC1000021"],
                ["uint32", "0x00000000"],
                ["uint32", "0x00000014"],
                "DAC_systemStatus",
                "DAC_systemStatusEnable"
            ],
            "recv": [
                "接收指令包头",
                ["uint32", "0xC1000021"],
                ["uint32", "0x00000000"],
                ["uint32", "0x00000014"],
                "DAC_systemStatusConfigResult"
            ]
        },
        "DAC_functionCapabilitiesConfig": {
            "send": [
                "发送指令包头",
                ["uint32", "0xC1000022"],
                ["uint32", "0x00000000"],
                ["uint32", "0x00000014"],
                "DAC_functionCapabilities"
            ],
            "recv": [
                "接收指令包头",
                ["uint32", "0xC1000022"],
                ["uint32", "0x00000000"],
                ["uint32", "0x00000014"],
                "DAC_functionCapabilitiesResult"
            ]
        },

        "SAT_internalTriggerReset": {
            "send": [
                "发送指令包头",
                ["uint32", "0x41000002"],
                ["uint32", "0x00000000"],
                ["uint32", "0x00000010"]
            ],
            "recv": [
                "接收指令包头",
                ["uint32", "0x41000002"],
                ["uint32", "0x00000000"],
                ["uint32", "0x00000014"],
                "SAT_internalTriggerResetResult"
            ]
        },
        "SAT_syncStatusConfig": {
            "send": [
                "发送指令包头",
                ["uint32", "0x4100000E"],
                ["uint32", "0x00000000"],
                ["uint32", "0x00000010"]
            ],
            "recv": [
                "接收指令包头",
                ["uint32", "0x4100000E"],
                ["uint32", "0x00000000"],
                ["uint32", "0x00000014"],
                "SAT_syncStatusConfigResult"
            ]
        },
        "SAT_syncCmd2Config": {
            "send": [
                "发送指令包头",
                ["uint32", "0x31000015"],
                ["uint32", "0x00000000"],
                ["uint32", "0x00000010"]
            ],
            "recv": [
                "接收指令包头",
                ["uint32", "0x31000015"],
                ["uint32", "0x00000000"],
                ["uint32", "0x00000014"],
                "SAT_syncCmd2ConfigResult"
            ]
        },
        "SAT_syncCmd3Config": {
            "send": [
                "发送指令包头",
                ["uint32", "0x410000B1"],
                ["uint32", "0x00000000"],
                ["uint32", "0x00000010"]
            ],
            "recv": [
                "接收指令包头",
                ["uint32", "0x410000B1"],
                ["uint32", "0x00000000"],
                ["uint32", "0x00000014"],
                "SAT_syncCmd3ConfigResult"
            ]
        },
        "SAT_syncCmd4Config": {
            "send": [
                "发送指令包头",
                ["uint32", "0x31000013"],
                ["uint32", "0x00000000"],
                ["uint32", "0x00000010"]
            ],
            "recv": [
                "接收指令包头",
                ["uint32", "0x31000013"],
                ["uint32", "0x00000000"],
                ["uint32", "0x00000014"],
                "SAT_syncCmd4ConfigResult"
            ]
        },
        "SAT_syncCmd5Config": {
            "send": [
                "发送指令包头",
                ["uint32", "0x410000B2"],
                ["uint32", "0x00000000"],
                ["uint32", "0x00000010"]
            ],
            "recv": [
                "接收指令包头",
                ["uint32", "0x410000B2"],
                ["uint32", "0x00000000"],
                ["uint32", "0x00000014"],
                "SAT_syncCmd5ConfigResult"
            ]
        },
        "SAT_syncCmd6Config": {
            "send": [
                "发送指令包头",
                ["uint32", "0x3100001A"],
                ["uint32", "0x00000000"],
                ["uint32", "0x00000010"]
            ],
            "recv": [
                "接收指令包头",
                ["uint32", "0x3100001A"],
                ["uint32", "0x00000000"],
                ["uint32", "0x00000014"],
                "SAT_syncCmd6ConfigResult"
            ]
        },
        "SAT_syncCmd7Config": {
            "send": [
                "发送指令包头",
                ["uint32", "0x410000B3"],
                ["uint32", "0x00000000"],
                ["uint32", "0x00000010"]
            ],
            "recv": [
                "接收指令包头",
                ["uint32", "0x410000B3"],
                ["uint32", "0x00000000"],
                ["uint32", "0x00000014"],
                "SAT_syncCmd7ConfigResult"
            ]
        },
        "SAT_refClockConfig": {
            "send": [
                "发送指令包头",
                ["uint32", "0x4100000F"],
                ["uint32", "0x00000000"],
                ["uint32", "0x00000014"],
                "SAT_refClockSource"
            ],
            "recv": [
                "接收指令包头",
                ["uint32", "0x4100000F"],
                ["uint32", "0x00000000"],
                ["uint32", "0x14000000"],
                "SAT_refClockConfigResult"
            ]
        },
        "SAT_internalTriggerConfig": {
            "send": [
                "发送指令包头",
                ["uint32", "0x41000001"],
                ["uint32", "0x00000000"],
                ["uint32", "0x00000014"],
                "SAT_triggerSource",
                "SAT_triggerPeriod",
                "SAT_triggerRepeatSize",
                "SAT_triggerPulseWidth",
                "SAT_triggerDelay"
            ],
            "recv": [
                "接收指令包头",
                ["uint32", "0x41000001"],
                ["uint32", "0x00000000"],
                ["uint32", "0x14000000"],
                "SAT_internalTriggerConfigResult"
            ]
        },
        "SAT_testTriggerOutputSourceConfig": {
            "send": [
                "发送指令包头",
                ["uint32", "0x61000001"],
                ["uint32", "0x00000000"],
                ["uint32", "0x00000014"],
                "SAT_testTriggerOutputSource"
            ],
            "recv": [
                "接收指令包头",
                ["uint32", "0x61000001"],
                ["uint32", "0x00000000"],
                ["uint32", "0x14000000"],
                "SAT_testTriggerOutputSourceConfigResult"
            ]
        },
        "SAT_testTriggerSourcePPXIStarConfig": {
            "send": [
                "发送指令包头",
                ["uint32", "0x61000002"],
                ["uint32", "0x00000000"],
                ["uint32", "0x00000014"],
                "SAT_testTriggerSourcePPXIStar"
            ],
            "recv": [
                "接收指令包头",
                ["uint32", "0x61000002"],
                ["uint32", "0x00000000"],
                ["uint32", "0x14000000"],
                "SAT_testTriggerSourcePPXIStarConfigResult"
            ]
        },
        "SAT_testTriggerSourcePXITrigConfig": {
            "send": [
                "发送指令包头",
                ["uint32", "0x61000003"],
                ["uint32", "0x00000000"],
                ["uint32", "0x00000014"],
                "SAT_testTriggerSourcePXITrig"
            ],
            "recv": [
                "接收指令包头",
                ["uint32", "0x61000003"],
                ["uint32", "0x00000000"],
                ["uint32", "0x14000000"],
                "SAT_testTriggerSourcePXITrigConfigResult"
            ]
        },
        "SAT_testClockSource10MHzConfig": {
            "send": [
                "发送指令包头",
                ["uint32", "0x61000000"],
                ["uint32", "0x00000000"],
                ["uint32", "0x00000014"],
                "SAT_testClockSource10MHz"
            ],
            "recv": [
                "接收指令包头",
                ["uint32", "0x61000000"],
                ["uint32", "0x00000000"],
                ["uint32", "0x14000000"],
                "SAT_testClockSource10MHzConfigResult"
            ]
        },
        "SAT_testClockSource100MHzConfig": {
            "send": [
                "发送指令包头",
                ["uint32", "0x4100000F"],
                ["uint32", "0x00000000"],
                ["uint32", "0x00000014"],
                "SAT_testClockSource100MHz"
            ],
            "recv": [
                "接收指令包头",
                ["uint32", "0x4100000F"],
                ["uint32", "0x00000000"],
                ["uint32", "0x14000000"],
                "SAT_testClockSource100MHzConfigResult"
            ]
        },
        "SAT_autobootsettingConfig": {
            "send": [
                "发送指令包头",
                ["uint32", "0x61000005"],
                ["uint32", "0x00000000"],
                ["uint32", "0x00000014"],
                "SAT_autobootsetting"
            ],
            "recv": [
                "接收指令包头",
                ["uint32", "0x61000005"],
                ["uint32", "0x00000000"],
                ["uint32", "0x14000000"],
                "SAT_autobootsettingConfigResult"
            ]
        },

        "DDS配置": {
            "send": [
                "发送指令包头",
                ["uint32", "0x31000005"],
                ["uint32", "0x00000000"],
                ["uint32", "0x0000010C"],
                "dds0中心频率",
                "dds0频率扫描步进",
                "dds0频率扫描范围",
                "dds0带宽",
                "dds0脉宽",
                "DDS采样率",
                "dds0初始相位",
                "dds1中心频率",
                "dds1频率扫描步进",
                "dds1频率扫描范围",
                "dds1带宽",
                "dds1脉宽",
                "DDS采样率",
                "dds1初始相位",
                "dds2中心频率",
                "dds2频率扫描步进",
                "dds2频率扫描范围",
                "dds2带宽",
                "dds2脉宽",
                "DDS采样率",
                "dds2初始相位",
                "dds3中心频率",
                "dds3频率扫描步进",
                "dds3频率扫描范围",
                "dds3带宽",
                "dds3脉宽",
                "DDS采样率",
                "dds3初始相位",
                "dds4中心频率",
                "dds4频率扫描步进",
                "dds4频率扫描范围",
                "dds4带宽",
                "dds4脉宽",
                "DDS采样率",
                "dds4初始相位",
                "dds5中心频率",
                "dds5频率扫描步进",
                "dds5频率扫描范围",
                "dds5带宽",
                "dds5脉宽",
                "DDS采样率",
                "dds5初始相位",
                "dds6中心频率",
                "dds6频率扫描步进",
                "dds6频率扫描范围",
                "dds6带宽",
                "dds6脉宽",
                "DDS采样率",
                "dds6初始相位",
                "dds7中心频率",
                "dds7频率扫描步进",
                "dds7频率扫描范围",
                "dds7带宽",
                "dds7脉宽",
                "DDS采样率",
                "dds7初始相位"
            ],
            "recv": [
                "接收指令包头",
                ["uint32", "0x31000005"],
                ["uint32", "0x00000000"],
                ["uint32", "0x14000000"],
                "DDS配置结果"
            ]
        },
        "波形装载": {
            "send": [
                "发送指令包头",
                ["uint32", "0x31000004"],
                ["uint32", "0x00000000"],
                ["uint32", "0x00000000"],
                "__arraylength__[all]",
                "DDS_RAM",
                ["uint32", "0x00000000"],
                "__array__[0]"
            ],
            "recv": [
                "接收指令包头",
                ["uint32", "0x31000004"],
                ["uint32", "0x00000000"],
                ["uint32", "0x14000000"],
                "波形装载结果"
            ]
        },
        "RFConfig": {
            "send": [
                "发送指令包头",
                ["uint32", "0x31000003"],
                ["uint32", "0x00000000"],
                ["uint32", 732],
                "系统参考时钟选择",
                "参考时钟频率",
                ["uint32", "0x0000000F"],
                "ADC采样率",
                "ADCPLL使能",
                "ADCPLL参考时钟频率",
                "ADC抽取倍数",
                "ADCNCO频率",
                ["double", 0],
                "ADC奈奎斯特区",
                ["double", 0],
                "post_calibrationConfEN",
                ["int32", -1],
                ["uint32", "0x00000003"],
                "DAC采样率",
                "DACPLL使能",
                "DACPLL参考时钟频率",
                "DAC抽取倍数",
                "DACNCOFrequency",
                ["double", 0],
                ["uint32", 0],
                "DAC奈奎斯特区",
                ["double", 0],
                ["int32", -1],
                "脱机工作",
                "DAC0延迟",
                "DAC2延迟",
                "ADC0延迟",
                "ADC1延迟",
                "ADC2延迟",
                "ADC3延迟"
            ],
            "recv": [
                "接收指令包头",
                ["uint32", "0x31000003"],
                ["uint32", "0x00000000"],
                ["uint32", "0x14000000"],
                "RF配置结果"
            ]
        },
        "SAT_RFConfig": {
            "send": [
                "发送指令包头",
                ["uint32", "0x310000A3"],
                ["uint32", "0x00000000"],
                ["uint32", 732],
                "系统参考时钟选择",
                "参考时钟频率",
                ["uint32", "0x0000000F"],
                "ADC采样率",
                "ADCPLL使能",
                "ADCPLL参考时钟频率",
                "ADC抽取倍数",
                "ADCNCO频率",
                ["double", 0],
                "ADC奈奎斯特区",
                ["double", 0],
                ["uint32", 1],
                ["int32", -1],
                ["uint32", "0x00000003"],
                "DAC采样率",
                "DACPLL使能",
                "DACPLL参考时钟频率",
                "DAC抽取倍数",
                "DACNCOFrequency",
                ["double", 0],
                ["uint32", 0],
                "DAC奈奎斯特区",
                ["double", 0],
                ["int32", -1],
                "脱机工作",
                "DAC0延迟",
                "DAC2延迟",
                "ADC0延迟",
                "ADC1延迟",
                "ADC2延迟",
                "ADC3延迟"
            ],
            "recv": [
                "接收指令包头",
                ["uint32", "0x310000A3"],
                ["uint32", "0x00000000"],
                ["uint32", "0x14000000"],
                "RF配置结果"
            ]
        },
        "QMC配置": {
            "send": [
                "发送指令包头",
                ["uint32", "0x31000007"],
                ["uint32", "0x00000000"],
                ["uint32", "0x000000BC"],
                "ADC0增益",
                "ADC1增益",
                "ADC2增益",
                "ADC3增益",
                "ADC4增益",
                "ADC5增益",
                "ADC6增益",
                "ADC7增益",
                "DAC0衰减",
                "DAC1衰减",
                "DAC2衰减",
                "DAC3衰减",
                "DAC4衰减",
                "DAC5衰减",
                "DAC6衰减",
                "DAC7衰减"
            ],
            "recv": [
                "接收指令包头",
                ["uint32", "0x31000007"],
                ["uint32", "0x00000000"],
                ["uint32", "0x14000000"],
                "QMC配置结果"
            ]
        },
        "奈奎斯特区配置": {
            "send": [
                "发送指令包头",
                ["uint32", "0x31000008"],
                ["uint32", "0x00000000"],
                ["uint32", "0x000000BC"],
                "ADC奈奎斯特区",
                "DAC奈奎斯特区"
            ],
            "recv": [
                "接收指令包头",
                ["uint32", "0x31000008"],
                ["uint32", "0x00000000"],
                ["uint32", "0x14000000"],
                "奈奎斯特区配置结果"
            ]
        },
        "NCO频率配置": {
            "send": [
                "发送指令包头",
                ["uint32", "0x31000009"],
                ["uint32", "0x00000000"],
                ["uint32", "0x000000BC"],
                "ADCNCO频率",
                "DACNCO频率"
            ],
            "recv": [
                "接收指令包头",
                ["uint32", "0x31000009"],
                ["uint32", "0x00000000"],
                ["uint32", "0x14000000"],
                "NCO频率配置结果"
            ]
        },
        "systemStop": {
            "send": [
                "发送指令包头",
                ["uint32", "0x31000002"],
                ["uint32", "0x00000000"],
                ["uint32", "0x00000000"]
            ],
            "recv": [
                "接收指令包头",
                ["uint32", "0x31000002"],
                ["uint32", "0x00000000"],
                ["uint32", "0x14000000"],
                "系统停止结果"
            ]
        },
        "系统开启": {
            "send": [
                "发送指令包头",
                ["uint32", "0x31000001"],
                ["uint32", "0x00000000"],
                ["uint32", "0x000000D8"],
                "基准PRF来源",
                "基准PRF周期",
                "基准PRF数量",
                "DAC0播放数据来源",
                "DAC0播放波门延迟",
                "DAC0RAM播放时宽",
                "DAC1播放数据来源",
                "DAC1播放波门延迟",
                "DAC1RAM播放时宽",
                "DAC2播放数据来源",
                "DAC2播放波门延迟",
                "DAC2RAM播放时宽",
                "DAC3播放数据来源",
                "DAC3播放波门延迟",
                "DAC3RAM播放时宽",
                "DAC4播放数据来源",
                "DAC4播放波门延迟",
                "DAC4RAM播放时宽",
                "DAC5播放数据来源",
                "DAC5播放波门延迟",
                "DAC5RAM播放时宽",
                "DAC6播放数据来源",
                "DAC6播放波门延迟",
                "DAC6RAM播放时宽",
                "DAC7播放数据来源",
                "DAC7播放波门延迟",
                "DAC7RAM播放时宽",
                "ADC0采样延迟",
                "ADC0采样点数",
                "ADC数据截取使能",
                "ADC打包数据类型",
                "ADC逻辑抽取倍数",
                "ADC1采样延迟",
                "ADC1采样点数",
                "ADC数据截取使能",
                "ADC打包数据类型",
                "ADC逻辑抽取倍数",
                "ADC2采样延迟",
                "ADC2采样点数",
                "ADC数据截取使能",
                "ADC打包数据类型",
                "ADC逻辑抽取倍数",
                "ADC3采样延迟",
                "ADC3采样点数",
                "ADC数据截取使能",
                "ADC打包数据类型",
                "ADC逻辑抽取倍数",
                "ADC4采样延迟",
                "ADC4采样点数",
                "ADC数据截取使能",
                "ADC打包数据类型",
                "ADC逻辑抽取倍数",
                "ADC5采样延迟",
                "ADC5采样点数",
                "ADC数据截取使能",
                "ADC打包数据类型",
                "ADC逻辑抽取倍数",
                "ADC6采样延迟",
                "ADC6采样点数",
                "ADC数据截取使能",
                "ADC打包数据类型",
                "ADC逻辑抽取倍数",
                "ADC7采样延迟",
                "ADC7采样点数",
                "ADC数据截取使能",
                "ADC打包数据类型",
                "ADC逻辑抽取倍数",
                "ADC数据输出方式"
            ],
            "recv": [
                "接收指令包头",
                ["uint32", "0x31000001"],
                ["uint32", "0x00000000"],
                ["uint32", "0x14000000"],
                "系统开启结果"
            ]
        },
        "工作参数配置": {
            "send": [
                "发送指令包头",
                ["uint32", "0x31000006"],
                ["uint32", "0x00000000"],
                ["uint32", "0x00000000"],
                "工作参数配置槽位号",
                ["uint32", "0x00000002"],
                "{{工作参数配置}}"
            ],
            "recv": [
                "接收指令包头",
                ["uint32", "0x31000006"],
                ["uint32", "0x00000000"],
                ["uint32", "0x14000000"],
                "工作参数配置结果"
            ]
        },
        "RCM配置": {
            "send": [
                "发送指令包头",
                ["uint32", "0x31000008"],
                ["uint32", "0x00000000"],
                ["uint32", "0x00000000"],
                "RCM槽位号",
                "全局复位",
                "通道掩码",
                "模式码",
                "发送衰减",
                "接收衰减_1",
                "接收衰减_2",
                "外时钟选择",
                "晶振使能",
                "K5控制",
                "高4路电源使能",
                "低4路电源使能",
                ["Reserved", "uint8", 0]
            ],
            "recv": []
        },
        "时钟校准": {
            "send": [
                "发送指令包头",
                ["uint32", "0x31000009"],
                ["uint32", "0x00000000"],
                ["uint32", "0x00000000"],
                "__array__[0]"
            ],
            "recv": [
                "接收指令包头",
                ["uint32", "0x31000009"],
                ["uint32", "0x00000000"],
                ["uint32", "0x14000000"],
                "时钟校准结果"
            ]
        },
        "电平触发参数配置": {
            "send": [
                "发送指令包头",
                ["uint32", "0x31002000"],
                ["uint32", "0x00000000"],
                ["uint32", "0x28000000"],
                "总触发点数",
                "预触发点数",
                "CH0触发使能",
                "CH0触发电平",
                "CH1触发使能",
                "CH1触发电平",
                "CH2触发使能",
                "CH2触发电平",
                "CH3触发使能",
                "CH3触发电平",
                "CH4触发使能",
                "CH4触发电平",
                "CH5触发使能",
                "CH5触发电平",
                "CH6触发使能",
                "CH6触发电平",
                "CH7触发使能",
                "CH7触发电平"
            ],
            "recv": [
                ["uint32", "0xCFCFCFCF"],
                ["uint32", "0x31002000"],
                ["uint32", "0x00000000"],
                ["uint32", "0x14000000"],
                "电平触发参数配置结果"
            ]
        }
    },
    "sequence": {
        "工作参数配置": [
            "射频参数更新",
            "全局复位",
            "通道掩码",
            "模式码",
            "发送衰减",
            "接收衰减_1",
            "接收衰减_2",
            "外时钟选择",
            "晶振使能",
            "K5控制",
            "高4路电源使能",
            "低4路电源使能",
            ["uint8", "0b00000000"],
            ["uint32", "0x00000000"],
            ["uint32", "0x00000000"],
            ["uint32", "0x00000000"],
            ["uint32", "0x00000000"],
            "播放数据长度",
            "播放延时T2",
            "DDS中心频率",
            "DDS带宽",
            "DDS时宽",
            "DDS初始相位",
            "DAC衰减调整",
            "DAC奈奎斯特区",
            "DACNCO频率",
            ["uint32", "0x00000000"],
            ["uint32", "0x00000000"],
            ["uint32", "0x00000000"],
            ["uint32", "0x00000000"],
            ["uint32", "0x00000000"],
            ["uint32", "0x00000000"],
            ["uint32", "0x00000000"],
            "采集起始时刻T2",
            "ADC增益调整",
            "ADC奈奎斯特区",
            "NCO中心频率",
            ["uint32", "0x00000000"],
            ["uint32", "0x00000000"],
            ["uint32", "0x00000000"],
            ["uint32", "0x00000000"],
            ["uint32", "0x00000000"],
            ["uint32", "0x00000000"],
            ["uint32", "0x00000000"],
            ["uint32", "0x00000000"],
            ["uint32", "0x00000000"],
            ["uint32", "0x00000000"],
            ["uint32", "0x00000000"],
            ["uint32", "0x00000000"]
        ]
    }
}